transcript_col,model_type,embedding_dim,lstm_units,dropout,recurrent_dropout,dense_units,learning_rate,mean_accuracy,std_accuracy,mean_macro_f1,std_macro_f1,mean_weighted_f1,std_weighted_f1,mean_precision_macro,std_precision_macro,mean_recall_macro,std_recall_macro,mean_precision_weighted,std_precision_weighted,mean_recall_weighted,std_recall_weighted
Transcript_PFT,lstm,100,16,0.3,0.0,0,0.001,0.4651209677419355,0.06386261757082057,0.299311982752124,0.06359217239475438,0.3952987938655966,0.07221812494193333,0.34217813051146384,0.09446450630635221,0.34834373143196673,0.05730979671165994,0.4562741348779655,0.13501108585928892,0.4651209677419355,0.06386261757082057
Transcript_PFT,lstm,100,16,0.3,0.0,0,0.0005,0.4711693548387097,0.018779243584185517,0.32337528712357716,0.09696824980064084,0.39676221052897936,0.04852694726968363,0.3529191396838456,0.1883641938675995,0.3764854426619132,0.07092834331799515,0.3982012601171757,0.1305348629953379,0.4711693548387097,0.018779243584185517
Transcript_PFT,lstm,100,16,0.3,0.0,64,0.001,0.4959677419354839,0.07075722533822985,0.29798955253011195,0.0774588504551333,0.3900261235597856,0.09821184250427693,0.33299283154121867,0.15639324891947853,0.3723336304218657,0.0374110172067943,0.4159280697190426,0.18640274106062438,0.4959677419354839,0.07075722533822985
Transcript_PFT,lstm,100,16,0.3,0.0,64,0.0005,0.4076612903225807,0.06539720946036545,0.2581951951951952,0.02263036198329428,0.35961905799809024,0.04544575397118025,0.2958677488089253,0.06348435239098592,0.2978163992869875,0.028019998682214647,0.42331418713060076,0.07844136138117686,0.4076612903225807,0.06539720946036545
Transcript_PFT,lstm,100,16,0.3,0.1,0,0.001,0.4268145161290323,0.06644544678563898,0.28273405178885186,0.06138583155795201,0.3858126576016386,0.07774988706782004,0.29123077566555833,0.06810079274585269,0.3214572192513369,0.062391219563821036,0.40809537559020387,0.09102851182806285,0.4268145161290323,0.06644544678563898
Transcript_PFT,lstm,100,16,0.3,0.1,0,0.0005,0.38004032258064513,0.1501278504742984,0.3127939755468709,0.10565363259864602,0.3521908355332325,0.15378809020535023,0.33314320220841964,0.12836493271292002,0.387448009506833,0.05420561930674225,0.38172902057036,0.1554308824186215,0.38004032258064513,0.1501278504742984
Transcript_PFT,lstm,100,16,0.3,0.1,64,0.001,0.4590725806451613,0.07923053633301408,0.25122852187671585,0.08040870907781986,0.32646533857317606,0.10383838544818362,0.2379358514842386,0.13182631759383065,0.34910130718954246,0.05214671588687364,0.2994890360824284,0.1513273348410167,0.4590725806451613,0.07923053633301408
Transcript_PFT,lstm,100,16,0.3,0.1,64,0.0005,0.4457661290322581,0.04401630338385545,0.2908993498238349,0.0710792099517047,0.387806428764759,0.04201994868171471,0.30633195307108346,0.11284394411359076,0.32640374331550803,0.06454620399704289,0.3973307161223535,0.08725119318386024,0.4457661290322581,0.04401630338385545
Transcript_PFT,lstm,100,16,0.3,0.2,0,0.001,0.4143145161290323,0.05574879316762113,0.31336693365678875,0.08267137659154002,0.3623882259953438,0.08255862607224793,0.3711194240542066,0.15383633560673346,0.36118538324420674,0.03838309536788511,0.410034095462742,0.1355235536171403,0.4143145161290323,0.05574879316762113
Transcript_PFT,lstm,100,16,0.3,0.2,0,0.0005,0.4133064516129032,0.08952838843689871,0.2646826069433256,0.05235891556863584,0.36020928913745054,0.060148889458631886,0.2689385250764561,0.07557358072303756,0.31662953060011884,0.06997591658059893,0.3649309090983174,0.07996036294774524,0.4133064516129032,0.08952838843689871
Transcript_PFT,lstm,100,16,0.3,0.2,64,0.001,0.4270161290322581,0.10358391449115607,0.2667987794418462,0.13585506255369648,0.33444267468711186,0.14205074373843107,0.27399315281668224,0.22911838997088507,0.33185531788472966,0.0894355667731475,0.3062642503237854,0.18533819333807075,0.4270161290322581,0.10358391449115607
Transcript_PFT,lstm,100,16,0.3,0.2,64,0.0005,0.4393145161290323,0.0661228852375121,0.2664524626760079,0.06085817483821979,0.36077738931011394,0.09345926845755433,0.2462071930527622,0.08468848191896035,0.3357843137254902,0.021415516661546743,0.33689022300009197,0.11941753547961928,0.4393145161290323,0.0661228852375121
Transcript_PFT,lstm,100,64,0.3,0.0,0,0.001,0.4516129032258065,0.06612165576482645,0.33075080516940986,0.1482949342752581,0.3902642484506701,0.11784518440660362,0.3221645162062619,0.18034403141204036,0.374435531788473,0.11392837404950308,0.368170539647861,0.15243795436890978,0.4516129032258065,0.06612165576482645
Transcript_PFT,lstm,100,64,0.3,0.0,0,0.0005,0.4070564516129032,0.07021341223031347,0.27092883776089666,0.05203326649853551,0.3642578707706095,0.07003257133975564,0.2619244069770385,0.0626234307272102,0.307122697563874,0.05657910703850052,0.3508171157978034,0.08068884648381175,0.4070564516129032,0.07021341223031347
Transcript_PFT,lstm,100,64,0.3,0.0,64,0.001,0.4252016129032258,0.11226490060757513,0.29289604730781205,0.0728094742718017,0.32159887879883137,0.10093731259455423,0.29670034945897017,0.09561624371619502,0.4027629233511586,0.09187573220732777,0.29596069044970597,0.0809489292301917,0.4252016129032258,0.11226490060757513
Transcript_PFT,lstm,100,64,0.3,0.0,64,0.0005,0.5026209677419355,0.06943098782791172,0.3223464810924634,0.10020105393599922,0.43549106671783744,0.08637692214411763,0.3203439153439153,0.14015927943151382,0.3576574569221628,0.07858509393182825,0.41214821748591907,0.11938575654464435,0.5026209677419355,0.06943098782791172
Transcript_PFT,lstm,100,64,0.3,0.1,0,0.001,0.4969758064516129,0.10164570003235572,0.3207550634588818,0.0722586834226793,0.4384236462277508,0.10817958873452681,0.35743909985289296,0.10516628643284136,0.3650252525252525,0.05821971511916676,0.4829629660754522,0.13458437109886562,0.4969758064516129,0.10164570003235572
Transcript_PFT,lstm,100,64,0.3,0.1,0,0.0005,0.4010080645161291,0.0741058387590977,0.23224835319329867,0.02523812209473297,0.3294194565698133,0.05331626367787466,0.27547106788486103,0.10072074326278295,0.29003267973856206,0.03488475990426961,0.39395050768660334,0.14980738564660148,0.4010080645161291,0.0741058387590977
Transcript_PFT,lstm,100,64,0.3,0.1,64,0.001,0.4649193548387097,0.062201419994431156,0.27691413509310886,0.043494600140935924,0.37091092834151185,0.03539914888984326,0.2981015758435113,0.13432336584082433,0.3709893048128342,0.07797807165990604,0.41592908554764685,0.14985074817785907,0.4649193548387097,0.062201419994431156
Transcript_PFT,lstm,100,64,0.3,0.1,64,0.0005,0.4778225806451613,0.09254888743835335,0.28609696791867334,0.06576875196501725,0.3793902051494184,0.09571737317709092,0.3082478523069921,0.12751190888279673,0.35396613190730836,0.059086017159187536,0.39138986228451955,0.17066132219048447,0.4778225806451613,0.09254888743835335
Transcript_PFT,lstm,100,64,0.3,0.2,0,0.001,0.426008064516129,0.12167401348156374,0.2610194220776528,0.0933911131848017,0.35495263383306697,0.12726171500712252,0.2363885280188482,0.11292732940359147,0.31757278669043376,0.07744968125994593,0.32301688908699017,0.15010442166451596,0.426008064516129,0.12167401348156374
Transcript_PFT,lstm,100,64,0.3,0.2,0,0.0005,0.4768145161290322,0.08517518825989914,0.3419528406078738,0.09847100573623621,0.42764392471350055,0.08226953956857148,0.35936778765423266,0.1134568809973275,0.3766117052881759,0.10241945807636564,0.4418820797212509,0.08700408186319615,0.4768145161290322,0.08517518825989914
Transcript_PFT,lstm,100,64,0.3,0.2,64,0.001,0.3965725806451613,0.16837948783945758,0.2263351704871459,0.10279644017649583,0.3114418742835278,0.15363611649847342,0.21088536155202822,0.12034602949169808,0.3137254901960784,0.05841588965960348,0.28753044461512206,0.16062714513788376,0.3965725806451613,0.16837948783945758
Transcript_PFT,lstm,100,64,0.3,0.2,64,0.0005,0.4580645161290322,0.1021893053911041,0.2934093353656363,0.07406308497024096,0.37854576544757595,0.0719931433507844,0.2579189111542053,0.06429804802066162,0.3550282234105763,0.10689161276135735,0.3301869947730954,0.06778950349730808,0.4580645161290322,0.1021893053911041
Transcript_PFT,lstm,100,128,0.3,0.0,0,0.001,0.4387096774193548,0.08187172080794511,0.31447894293908335,0.08884502147169954,0.36587573212020824,0.05437151082312393,0.31864875864875863,0.15546960893611597,0.3630718954248366,0.08115727028675951,0.33130039091732644,0.07745978179559027,0.4387096774193548,0.08187172080794511
Transcript_PFT,lstm,100,128,0.3,0.0,0,0.0005,0.4074596774193549,0.03474767826259761,0.23109232562036935,0.030401370345636884,0.3138328758754546,0.05423585192360513,0.3346511033611032,0.12250183467005712,0.3138740344622698,0.045146662962785584,0.4904711286829704,0.165094399968061,0.4074596774193549,0.03474767826259761
Transcript_PFT,lstm,100,128,0.3,0.0,64,0.001,0.3504032258064516,0.1396532865802072,0.22892727957807707,0.05672890616298762,0.31352567237742757,0.10631501280598353,0.24665665774742815,0.03186092223804992,0.280941770647653,0.053791273333629985,0.34320711955008293,0.048841411117709385,0.3504032258064516,0.1396532865802072
Transcript_PFT,lstm,100,128,0.3,0.0,64,0.0005,0.4453629032258065,0.06345011436969657,0.2635979053119956,0.06376453410420248,0.3543567981456149,0.07819521432343704,0.25392087515819767,0.10544717567981671,0.35640225787284613,0.08204267513949358,0.34332721164961233,0.12572657979603089,0.4453629032258065,0.06345011436969657
Transcript_PFT,lstm,100,128,0.3,0.1,0,0.001,0.4389112903225807,0.049465470040491295,0.26205871495885175,0.036328813850556134,0.34663030778703074,0.06458175354422942,0.27825128644468977,0.10118046501537882,0.3252302436125966,0.03981632282799201,0.3305195550598504,0.07642862503925843,0.4389112903225807,0.049465470040491295
Transcript_PFT,lstm,100,128,0.3,0.1,0,0.0005,0.4516129032258064,0.11664486968722472,0.30191640993128405,0.09176859823814054,0.3837552872782652,0.10995239180593026,0.2875339499988869,0.10476961709302697,0.3715612002376708,0.08421654126302511,0.3707038293929072,0.12015546337978474,0.4516129032258064,0.11664486968722472
Transcript_PFT,lstm,100,128,0.3,0.1,64,0.001,0.419758064516129,0.09300803339924464,0.24342168790482233,0.04092059674411812,0.3533544675541595,0.055883856702024275,0.23839802013995565,0.054273519901374266,0.289297385620915,0.055862521803252,0.3447820598582825,0.07131410099759838,0.419758064516129,0.09300803339924464
Transcript_PFT,lstm,100,128,0.3,0.1,64,0.0005,0.4961693548387097,0.07547542687812346,0.3102745885354581,0.09568036975674839,0.3808017183455472,0.10313512901462495,0.26196721049110644,0.09636655580210828,0.39607100415923946,0.08437979735127517,0.31584714261398145,0.10927244539409063,0.4961693548387097,0.07547542687812346
Transcript_PFT,lstm,100,128,0.3,0.2,0,0.001,0.4707661290322581,0.05694627741974624,0.36087532528709,0.0767888307901713,0.43867836591982706,0.0570335888570527,0.3944637890290064,0.12982736997454886,0.3764780154486037,0.07035188962364614,0.4482114921758155,0.08062038905800327,0.4707661290322581,0.05694627741974624
Transcript_PFT,lstm,100,128,0.3,0.2,0,0.0005,0.4320564516129033,0.0728590092145459,0.2570941696081817,0.02511270362426407,0.36251958113966554,0.030679770063415428,0.28766076272161467,0.11571944690264925,0.3033942364824717,0.031123377354305523,0.3865068863174601,0.13675984895958226,0.4320564516129033,0.0728590092145459
Transcript_PFT,lstm,100,128,0.3,0.2,64,0.001,0.419758064516129,0.10260017059051564,0.2570027850483563,0.08996602557500087,0.33103894218195024,0.1386725375407059,0.24442612942612946,0.11227746188789045,0.3358363042186572,0.06106866701637824,0.32417275936429163,0.16603253569622026,0.419758064516129,0.10260017059051564
Transcript_PFT,lstm,100,128,0.3,0.2,64,0.0005,0.4897177419354838,0.10091606943256877,0.28306160200761976,0.06352001952592408,0.3750621096759967,0.05517488025976507,0.26380652223811285,0.06780174027414179,0.3558006535947712,0.08505447390420158,0.3351802138918648,0.07437475109179172,0.4897177419354838,0.10091606943256877
Transcript_PFT,lstm,200,16,0.3,0.0,0,0.001,0.4518145161290323,0.05865653612317029,0.33804560909824066,0.10141587206417219,0.3981096460298498,0.08852574456558907,0.3902308802308802,0.16149659048235596,0.38334818775995244,0.07294803606527957,0.44209398128752964,0.10072824914812935,0.4518145161290323,0.05865653612317029
Transcript_PFT,lstm,200,16,0.3,0.0,0,0.0005,0.4709677419354839,0.10423679567869057,0.33245662412623417,0.07095228983811731,0.43686738039724515,0.1037629322560132,0.3338768638768639,0.08433276970886425,0.37670825906120026,0.04734069291494923,0.43621233940790394,0.10403685309706168,0.4709677419354839,0.10423679567869057
Transcript_PFT,lstm,200,16,0.3,0.0,64,0.001,0.4647177419354839,0.0636407344404892,0.28436760096339836,0.06447311175587812,0.407574707793726,0.07190055074525127,0.27019739519739516,0.07411934462641316,0.3235665478312537,0.05992482179968119,0.38470102086533536,0.09100659658331653,0.4647177419354839,0.0636407344404892
Transcript_PFT,lstm,200,16,0.3,0.0,64,0.0005,0.4514112903225806,0.15376391081964422,0.2606888256738024,0.08606211980080779,0.36402923979297147,0.14875132933826085,0.25413857173977117,0.10419862145107874,0.35514705882352937,0.046024803075998696,0.34698717328680573,0.14643366003362224,0.4514112903225806,0.15376391081964422
Transcript_PFT,lstm,200,16,0.3,0.1,0,0.001,0.4578629032258065,0.06596902356985151,0.3183549550448581,0.06419072244537485,0.4083703868093342,0.05128309196457592,0.3317888030633128,0.07236821518535719,0.3573752228163993,0.048429010972933006,0.42439314476197776,0.07596012497031764,0.4578629032258065,0.06596902356985151
Transcript_PFT,lstm,200,16,0.3,0.1,0,0.0005,0.4717741935483871,0.06756890343759166,0.2914359628313117,0.05801628463425939,0.3866290755537286,0.1001629206551574,0.3291975308641975,0.12887103135362118,0.35461972667855024,0.05176156733774394,0.42193044354838716,0.17896487774357733,0.4717741935483871,0.06756890343759166
Transcript_PFT,lstm,200,16,0.3,0.1,64,0.001,0.4719758064516129,0.06521920334465571,0.30268683759056186,0.10171715250053597,0.386545982424403,0.11273681298300384,0.2895475791684054,0.1293438339017603,0.3638666072489602,0.059129525263779854,0.36181971097505905,0.1439366082482807,0.4719758064516129,0.06521920334465571
Transcript_PFT,lstm,200,16,0.3,0.1,64,0.0005,0.33870967741935487,0.11787891115508854,0.2460470015618757,0.10274384806391078,0.27261708941591944,0.12796567881450963,0.23464896214896216,0.12100679161405721,0.35128490790255495,0.06181835928863343,0.27451169797943986,0.14291868490042633,0.33870967741935487,0.11787891115508854
Transcript_PFT,lstm,200,16,0.3,0.2,0,0.001,0.4133064516129032,0.1306523171078905,0.31671990602936895,0.11659609512604652,0.3767933838338508,0.13990887708945068,0.33747113997114003,0.13395031293159884,0.3613339275103981,0.08747990840837631,0.40539868006097846,0.14445320867395714,0.4133064516129032,0.1306523171078905
Transcript_PFT,lstm,200,16,0.3,0.2,0,0.0005,0.4834677419354839,0.07258232524937194,0.31456748677678914,0.07476744309427767,0.4154280383751033,0.06012897960471293,0.3576732926084566,0.14876386151998763,0.36726827094474157,0.09911406310703881,0.45014945034402754,0.13836190329725992,0.4834677419354839,0.07258232524937194
Transcript_PFT,lstm,200,16,0.3,0.2,64,0.001,0.4149193548387097,0.12149180834656047,0.3073853615520282,0.12979816486563733,0.3764623335893497,0.11293761498400226,0.35498623619996755,0.20578014637113884,0.349435531788473,0.11254832681868547,0.419296839818785,0.1593770467754499,0.4149193548387097,0.12149180834656047
Transcript_PFT,lstm,200,16,0.3,0.2,64,0.0005,0.4768145161290323,0.08176142771132595,0.32326712841066196,0.05447683971667014,0.4455152106384489,0.07196248698567581,0.35852450019116683,0.04462209026272932,0.3464200831847891,0.05748518489831139,0.48374163172550266,0.04954230505358154,0.4768145161290323,0.08176142771132595
Transcript_PFT,lstm,200,64,0.3,0.0,0,0.001,0.38266129032258067,0.048695255288550086,0.29077688610623037,0.1146137202509152,0.32668709770556636,0.09045397426515318,0.28715440115440116,0.13022579689726893,0.36117052881758765,0.10350191661862902,0.34315343527440295,0.13219777746393163,0.38266129032258067,0.048695255288550086
Transcript_PFT,lstm,200,64,0.3,0.0,0,0.0005,0.4903225806451613,0.0892796935683745,0.3872890979987754,0.09966626483759847,0.4669522264502753,0.10053178255310212,0.3882003953231575,0.09835743891229955,0.4071301247771836,0.10424942907914912,0.4604112917328617,0.10915174425532402,0.4903225806451613,0.0892796935683745
Transcript_PFT,lstm,200,64,0.3,0.0,64,0.001,0.4076612903225807,0.07294264563716776,0.22809731369370753,0.021012037665982773,0.3098958595398037,0.05791612042302233,0.29147783251231535,0.0980294246271524,0.30758318478906715,0.02756035208715411,0.41462853898511576,0.1417579190753714,0.4076612903225807,0.07294264563716776
Transcript_PFT,lstm,200,64,0.3,0.0,64,0.0005,0.4143145161290323,0.1045008513823988,0.24910033835893303,0.031340499759109734,0.3544120862599178,0.045505682663239434,0.2433540330812627,0.06473606903047759,0.3001633986928104,0.03309922757781553,0.3461688144978686,0.07470297402775376,0.4143145161290323,0.1045008513823988
Transcript_PFT,lstm,200,64,0.3,0.1,0,0.001,0.4195564516129032,0.08697534845169315,0.29259181320650585,0.06986963240421276,0.36382004445810245,0.0933496265988554,0.2809304902184159,0.08742452951537015,0.34790552584670237,0.0521306658049826,0.35370483036554645,0.11656429579027583,0.4195564516129032,0.08697534845169315
Transcript_PFT,lstm,200,64,0.3,0.1,0,0.0005,0.4830645161290323,0.07752638770665683,0.31252600240067646,0.05585484293049534,0.41635072526712913,0.07059801422619572,0.33497539072251714,0.08773400051307159,0.3517453951277481,0.036373653226784396,0.4207983380223369,0.09820426214447327,0.4830645161290323,0.07752638770665683
Transcript_PFT,lstm,200,64,0.3,0.1,64,0.001,0.4260080645161291,0.052773308711724094,0.25574985660984273,0.04867532503680318,0.3563259538323613,0.08051692909909933,0.2356409923472742,0.07315183788874885,0.3065136660724896,0.02960189823590697,0.32620634459299636,0.10636653905850753,0.4260080645161291,0.052773308711724094
Transcript_PFT,lstm,200,64,0.3,0.1,64,0.0005,0.4080645161290323,0.08676010198568279,0.31606778620148596,0.08588744647669709,0.3715667989596538,0.09905723179337136,0.3607809588072747,0.16947602922724894,0.33721776589423647,0.07767512200293833,0.3903431690073509,0.1417442654130463,0.4080645161290323,0.08676010198568279
Transcript_PFT,lstm,200,64,0.3,0.2,0,0.001,0.47036290322580643,0.08315059742561838,0.29240258658549506,0.06945231738817272,0.40307046466293456,0.0705089074535528,0.2898722745213618,0.08478762447156533,0.3396316102198455,0.07110199974827765,0.39394868009452433,0.09046654436848203,0.47036290322580643,0.08315059742561838
Transcript_PFT,lstm,200,64,0.3,0.2,0,0.0005,0.4004032258064516,0.09834370738119255,0.29395801952970735,0.11803787303724672,0.37205409542337275,0.12317846121390047,0.29859427122585014,0.1480872520356692,0.31641414141414137,0.1036137134834211,0.37682558068699834,0.15595821934055404,0.4004032258064516,0.09834370738119255
Transcript_PFT,lstm,200,64,0.3,0.2,64,0.001,0.4391129032258065,0.05828182342486694,0.2784798911311527,0.08335274954059549,0.3511392436970479,0.07519894046833998,0.26106425843933756,0.10355778934560397,0.35457516339869277,0.0678847337124624,0.33534991436162853,0.11376388608175077,0.4391129032258065,0.05828182342486694
Transcript_PFT,lstm,200,64,0.3,0.2,64,0.0005,0.4655241935483871,0.06843087650703687,0.349734257752702,0.06876113059960492,0.4271961176762894,0.05847902942334167,0.3714434947768281,0.09900619715086117,0.37688651218062985,0.057035753474035014,0.44507537508041545,0.07177308358379693,0.4655241935483871,0.06843087650703687
Transcript_PFT,lstm,200,128,0.3,0.0,0,0.001,0.4901209677419355,0.043214821666351086,0.30464933018124507,0.08073995841879872,0.4048468123236483,0.059563787312831844,0.2885836958902175,0.11011819969511456,0.3576574569221628,0.05773931104177917,0.37027306994938464,0.0959721236870277,0.4901209677419355,0.043214821666351086
Transcript_PFT,lstm,200,128,0.3,0.0,0,0.0005,0.4959677419354838,0.10606640040807216,0.34749045072574486,0.09625730416920618,0.4181259959995728,0.09617581902618774,0.3583686774846195,0.1125744118047203,0.40098039215686276,0.09489392273617174,0.4211835638907869,0.11567419452397265,0.4959677419354838,0.10606640040807216
Transcript_PFT,lstm,200,128,0.3,0.0,64,0.001,0.4264112903225806,0.0805493382325282,0.2603969081896401,0.02716347440160276,0.3407699430573758,0.06516069051442872,0.3162572860337043,0.09332666569104517,0.3381238859180036,0.010876696813222661,0.4433461016748271,0.1336062595027456,0.4264112903225806,0.0805493382325282
Transcript_PFT,lstm,200,128,0.3,0.0,64,0.0005,0.39959677419354833,0.12075518960631647,0.2788615216201423,0.09160713479909195,0.30675870014301604,0.08596907454286228,0.30729016503210055,0.13533310435620816,0.3829396910279263,0.08289868888759881,0.35548217239749497,0.16510511188291463,0.39959677419354833,0.12075518960631647
Transcript_PFT,lstm,200,128,0.3,0.1,0,0.001,0.4332661290322581,0.04400706770877449,0.3013255388140971,0.07359307005254753,0.39633975965350066,0.04753447126998166,0.3066789530919966,0.10281217820075447,0.3220068330362448,0.0633380105142316,0.3890407442993348,0.08144509392372273,0.4332661290322581,0.04400706770877449
Transcript_PFT,lstm,200,128,0.3,0.1,0,0.0005,0.4897177419354838,0.10091606943256877,0.3508769874049644,0.08203731761795795,0.4102126654013774,0.09232130032911869,0.3476443524269611,0.09399504521757354,0.41475044563279856,0.09448590531434438,0.3985992146975667,0.1172049740724133,0.4897177419354838,0.10091606943256877
Transcript_PFT,lstm,200,128,0.3,0.1,64,0.001,0.5284274193548387,0.027216995210784193,0.34888382388942296,0.12402632549762375,0.4510693583360924,0.08319750208649315,0.32253270027463576,0.14552178235772079,0.3977718360071302,0.09042763026111318,0.40777240687685534,0.11480392903981726,0.5284274193548387,0.027216995210784193
Transcript_PFT,lstm,200,128,0.3,0.1,64,0.0005,0.4322580645161291,0.06854660813630908,0.2674054945691021,0.06325018563492779,0.35582172218975294,0.10365805276136238,0.23997973761131658,0.07087102310596112,0.341488413547237,0.061510495538670225,0.32240901712888126,0.11329435197792243,0.4322580645161291,0.06854660813630908
Transcript_PFT,lstm,200,128,0.3,0.2,0,0.001,0.5088709677419355,0.08506870043044056,0.3771841529276494,0.08832152899793345,0.4479909609899043,0.10087759131003296,0.3465050835148874,0.08965229594548942,0.443218954248366,0.0746371711242224,0.41778011126045395,0.10899871807126608,0.5088709677419355,0.08506870043044056
Transcript_PFT,lstm,200,128,0.3,0.2,0,0.0005,0.4639112903225807,0.11824626852806669,0.3083141616182917,0.11625261435238403,0.39647538080087336,0.1365933767678115,0.3571405567057741,0.18325142052756518,0.3708110516934046,0.11451513763640592,0.44829606486119467,0.2110251590926269,0.4639112903225807,0.11824626852806669
Transcript_PFT,lstm,200,128,0.3,0.2,64,0.001,0.4342741935483871,0.08005428699179594,0.29794447154912274,0.06218594910348256,0.38153108753586995,0.04939329970813784,0.3528130511463844,0.09621357831345441,0.34260992275698154,0.07398462400421577,0.45201698242020827,0.11451557299641493,0.4342741935483871,0.08005428699179594
Transcript_PFT,lstm,200,128,0.3,0.2,64,0.0005,0.39455645161290326,0.09574723922358601,0.20959755293210908,0.0387205187671436,0.3021165149247068,0.08179559858639052,0.18693148523777325,0.058325793823711454,0.27668597742127155,0.04383615038281106,0.2671110465877119,0.09193184337169726,0.39455645161290326,0.09574723922358601
Transcript_PFT,bilstm,100,16,0.3,0.0,0,0.001,0.4070564516129032,0.09116470897409208,0.30468899254929627,0.11285827291848333,0.37865636229465605,0.1313684872225789,0.2961775882106951,0.12374506358660545,0.33790849673202616,0.10185369407535548,0.37602471826008854,0.15459358561228667,0.4070564516129032,0.09116470897409208
Transcript_PFT,bilstm,100,16,0.3,0.0,0,0.0005,0.38064516129032255,0.10824491442298398,0.28802841513775823,0.08432338112698523,0.35564424229229824,0.07837432563860604,0.33705266955266955,0.09520959910129823,0.31535204991087346,0.08584519655584955,0.4269238490004619,0.09794037767828384,0.38064516129032255,0.10824491442298398
Transcript_PFT,bilstm,100,16,0.3,0.0,64,0.001,0.5098790322580645,0.025885086847909716,0.26586737181902576,0.045867445505237775,0.3866081717437878,0.04264274156130146,0.2253660355217641,0.06251128203657162,0.34782382650029703,0.03804949417802499,0.32252030509006224,0.06736002216377618,0.5098790322580645,0.025885086847909716
Transcript_PFT,bilstm,100,16,0.3,0.0,64,0.0005,0.4905241935483871,0.05863297009449527,0.369007143290977,0.10820842773359918,0.44594534421949594,0.04497564091304271,0.44072751322751313,0.12741869533746908,0.39749702911467616,0.08721769474020101,0.5188503264208909,0.09417676339082127,0.4905241935483871,0.05863297009449527
Transcript_PFT,bilstm,100,16,0.3,0.1,0,0.001,0.4133064516129032,0.0735900905747591,0.31351855515148486,0.10116404621114032,0.38179880673998534,0.08779226242920707,0.3537574843457197,0.15393685665380455,0.34474153297682714,0.07453484952899234,0.4135004880213609,0.07922523070257505,0.4133064516129032,0.0735900905747591
Transcript_PFT,bilstm,100,16,0.3,0.1,0,0.0005,0.4764112903225806,0.12029990381309606,0.3466680198649508,0.09350281753861973,0.4450211611103606,0.10997365013161829,0.35151869443429545,0.0759984289627872,0.3751931075460487,0.10708323821424978,0.4561341664996995,0.09255721949644616,0.4764112903225806,0.12029990381309606
Transcript_PFT,bilstm,100,16,0.3,0.1,64,0.001,0.4465725806451613,0.09152426425232973,0.2840436538085838,0.07946446028839507,0.37762790706440513,0.11530351813296691,0.2823745577635521,0.11242831842971181,0.3491458704693998,0.04398329250246658,0.3886871953616154,0.1591899156731156,0.4465725806451613,0.09152426425232973
Transcript_PFT,bilstm,100,16,0.3,0.1,64,0.0005,0.4326612903225807,0.04258950298874482,0.3098697557909884,0.10017745578223794,0.36768808696086663,0.08586820413275309,0.33950386531031695,0.14058270496412995,0.3684343434343434,0.07775293250448047,0.42345080452845796,0.1606881715975559,0.4326612903225807,0.04258950298874482
Transcript_PFT,bilstm,100,16,0.3,0.2,0,0.001,0.444758064516129,0.09345231092527179,0.32183457182596353,0.08487415270651269,0.40868898359165406,0.07354623169934098,0.40108225108225104,0.07975745848359894,0.34376856803327394,0.0846469435611667,0.500483958246055,0.08048564574139148,0.444758064516129,0.09345231092527179
Transcript_PFT,bilstm,100,16,0.3,0.2,0,0.0005,0.36895161290322587,0.07159671333267767,0.29328606763591286,0.04855085845116275,0.37386397294941187,0.06798227200833047,0.3561321287408244,0.0563141567076959,0.3297831253713607,0.07222742734714836,0.48453981750484215,0.08454696352923764,0.36895161290322587,0.07159671333267767
Transcript_PFT,bilstm,100,16,0.3,0.2,64,0.001,0.37500000000000006,0.1142204269442272,0.27571179583837335,0.07303231803717325,0.34809693313741913,0.11869037319674915,0.28888695797902963,0.08371922036511625,0.38159536541889477,0.054626891843392505,0.38361997946542586,0.11046928792379156,0.37500000000000006,0.1142204269442272
Transcript_PFT,bilstm,100,16,0.3,0.2,64,0.0005,0.43245967741935487,0.07602170024005078,0.28119365808496244,0.07724595537166733,0.3722511304336339,0.07050323818048021,0.2882725607725608,0.09152473381539385,0.319385026737968,0.05103533626276154,0.3736744505494506,0.06440463241152271,0.43245967741935487,0.07602170024005078
Transcript_PFT,bilstm,100,64,0.3,0.0,0,0.001,0.4330645161290322,0.0986495046407679,0.3029938429296282,0.09056928232315913,0.3836058092954836,0.07403939359570676,0.3192261410087497,0.10571512699217005,0.3426916221033868,0.1074415989776796,0.4055149369681277,0.07487745661493772,0.4330645161290322,0.0986495046407679
Transcript_PFT,bilstm,100,64,0.3,0.0,0,0.0005,0.4393145161290323,0.03458351877805092,0.2686926599191789,0.02129338057614923,0.3862266279038783,0.020690555908125487,0.2813365539452496,0.036262561712868735,0.3046122994652406,0.0288298322847716,0.3964995081424341,0.042626716887628154,0.4393145161290323,0.03458351877805092
Transcript_PFT,bilstm,100,64,0.3,0.0,64,0.001,0.4774193548387097,0.09588511284200611,0.29079355323749545,0.07285290301426882,0.4163470452164253,0.08771883899908105,0.29583473997267096,0.10603533911701164,0.325222816399287,0.06920370558057934,0.4068386639778464,0.12040761037133635,0.4774193548387097,0.09588511284200611
Transcript_PFT,bilstm,100,64,0.3,0.0,64,0.0005,0.4453629032258064,0.08546675117676907,0.2745258395631308,0.04796621968197718,0.3820826862149592,0.0637360585564516,0.3009364407836394,0.09195425021464078,0.32629233511586453,0.055171956124394544,0.4258506437809624,0.12313994380087298,0.4453629032258064,0.08546675117676907
Transcript_PFT,bilstm,100,64,0.3,0.1,0,0.001,0.4060483870967742,0.10609973612711529,0.2531489801596344,0.03045275074686079,0.35709845681993724,0.06346522087845984,0.29939792008757526,0.08437704347385531,0.28874777183600714,0.047108681124060796,0.4226142638646115,0.12346826643355117,0.4060483870967742,0.10609973612711529
Transcript_PFT,bilstm,100,64,0.3,0.1,0,0.0005,0.4131048387096774,0.09694709017523079,0.28026105182115413,0.04771264008821293,0.3616444130706697,0.0594494136774911,0.30961519484100125,0.08196384112372944,0.33330362448009504,0.04458838543161387,0.4180710499178241,0.11398782321431353,0.4131048387096774,0.09694709017523079
Transcript_PFT,bilstm,100,64,0.3,0.1,64,0.001,0.4766129032258065,0.09025054731314697,0.31467931875592614,0.12898904009400886,0.4007691514965576,0.11365038272379388,0.3197028897028897,0.1757780036678248,0.365634284016637,0.11351459500967462,0.39407957186182985,0.1578157480841856,0.4766129032258065,0.09025054731314697
Transcript_PFT,bilstm,100,64,0.3,0.1,64,0.0005,0.4072580645161291,0.06739120515124933,0.28460083744899667,0.08108762641618128,0.3516439537167738,0.06988118750540132,0.35385034046861025,0.08527463586432221,0.34442959001782525,0.09694376936606881,0.4744955189863823,0.111873665301126,0.4072580645161291,0.06739120515124933
Transcript_PFT,bilstm,100,64,0.3,0.2,0,0.001,0.43245967741935487,0.04949175873963825,0.2692284633151506,0.05729862276189612,0.37214361310455135,0.06958353584609858,0.25990906754064647,0.057347819014973545,0.3177287581699347,0.04820289132522634,0.3613879806526241,0.06446131493541332,0.43245967741935487,0.04949175873963825
Transcript_PFT,bilstm,100,64,0.3,0.2,0,0.0005,0.4266129032258064,0.07409486775532768,0.2808748233542131,0.07702839802935096,0.36355187226672364,0.05925751268517174,0.3701313890787575,0.1340867159619222,0.3267825311942959,0.068810065364927,0.47774074229745916,0.15705510322114102,0.4266129032258064,0.07409486775532768
Transcript_PFT,bilstm,100,64,0.3,0.2,64,0.001,0.4641129032258064,0.09173852345522035,0.2830816569051863,0.0557635248398948,0.4031681394454164,0.07359415079194832,0.29654591895971205,0.10147359571724453,0.326849376114082,0.06106926319331226,0.42279629582813677,0.13824022512832312,0.4641129032258064,0.09173852345522035
Transcript_PFT,bilstm,100,64,0.3,0.2,64,0.0005,0.4066532258064517,0.09018566812222108,0.2978824431648565,0.11175322894000239,0.3511968920724977,0.09760744551721974,0.3571550671550671,0.12310493387283765,0.3570632798573975,0.10338875142451548,0.45463107792744883,0.14352042374293913,0.4066532258064517,0.09018566812222108
Transcript_PFT,bilstm,100,128,0.3,0.0,0,0.001,0.5026209677419355,0.056629902787292775,0.32795643509929223,0.1134233672773238,0.4370425785172329,0.09842904225303323,0.3055971833177715,0.13143369051677367,0.3744578134284016,0.08757724366090107,0.4041132950155869,0.13197396241288212,0.5026209677419355,0.056629902787292775
Transcript_PFT,bilstm,100,128,0.3,0.0,0,0.0005,0.4389112903225806,0.09096205798989217,0.26485594546261887,0.06670117491670009,0.3753650923318068,0.06840186582437432,0.26018117684784353,0.07516843363525483,0.30890522875816995,0.07350235522535763,0.3613747401045788,0.08122600742865493,0.4389112903225806,0.09096205798989217
Transcript_PFT,bilstm,100,128,0.3,0.0,64,0.001,0.444758064516129,0.10792111031206339,0.24355117198342283,0.05221507294378849,0.34913426126426883,0.10188089859059943,0.30692590351997484,0.1354844216640766,0.30730837789661314,0.042346055908912716,0.4072144216987903,0.18196135095124188,0.444758064516129,0.10792111031206339
Transcript_PFT,bilstm,100,128,0.3,0.0,64,0.0005,0.4713709677419355,0.04130162238273952,0.30825764559888247,0.06525409673574467,0.40477872841605633,0.03835077633633203,0.3511186961186961,0.12916028797694318,0.3419266191325015,0.039510594049873,0.4154232181349117,0.04549331639586141,0.4713709677419355,0.04130162238273952
Transcript_PFT,bilstm,100,128,0.3,0.1,0,0.001,0.38044354838709676,0.11267906895535285,0.22749570249570245,0.07157408628675976,0.3246949613885098,0.11767688737623187,0.2136796536796537,0.08018499529357044,0.26801099227569813,0.0653535772873292,0.3017446643857934,0.12294673742212488,0.38044354838709676,0.11267906895535285
Transcript_PFT,bilstm,100,128,0.3,0.1,0,0.0005,0.4512096774193549,0.0925853341231376,0.3086754573895477,0.09790630124595526,0.39203722679876646,0.10384098503976426,0.3531766142354378,0.10663057889745182,0.35552584670231735,0.0798348135655254,0.45601900661008826,0.11477655423057344,0.4512096774193549,0.0925853341231376
Transcript_PFT,bilstm,100,128,0.3,0.1,64,0.001,0.35181451612903225,0.12458307159228064,0.23212202272897225,0.0691532286553771,0.28067308475521313,0.10371293290693086,0.21259088941951218,0.08409584123409354,0.29432560903149135,0.044565375520143655,0.26057126085856225,0.09823684587083821,0.35181451612903225,0.12458307159228064
Transcript_PFT,bilstm,100,128,0.3,0.1,64,0.0005,0.4524193548387096,0.09813268600968561,0.30133941477503023,0.06520264173990586,0.3915011439961976,0.07251951043790633,0.2906426574228432,0.059979350606668404,0.365084670231729,0.07905280362466033,0.372963114297567,0.07009121029604434,0.4524193548387096,0.09813268600968561
Transcript_PFT,bilstm,100,128,0.3,0.2,0,0.001,0.4393145161290323,0.03458351877805092,0.3191979997617198,0.0480902165972527,0.39040141283942253,0.035780098601877995,0.3702854040047022,0.07903185227441985,0.39323380867498514,0.05998861383569574,0.46320968472199375,0.0905604922430457,0.4393145161290323,0.03458351877805092
Transcript_PFT,bilstm,100,128,0.3,0.2,0,0.0005,0.40120967741935487,0.0605913024395543,0.21186076076608779,0.03042071366092882,0.28612935127374517,0.07536263298815028,0.18996561331764697,0.05988955024745766,0.30416666666666664,0.03147238675726002,0.2586958186750211,0.09869194339210724,0.40120967741935487,0.0605913024395543
Transcript_PFT,bilstm,100,128,0.3,0.2,64,0.001,0.4463709677419355,0.04934535013154308,0.3265869204181898,0.03934483738770667,0.41272899849967637,0.048706436676598824,0.41518278018278015,0.1288020901083874,0.3890300059417707,0.07474059924056067,0.5417623600637713,0.1354150887958265,0.4463709677419355,0.04934535013154308
Transcript_PFT,bilstm,100,128,0.3,0.2,64,0.0005,0.4641129032258064,0.0769321658512214,0.2998479449450772,0.053878884608789375,0.4160880386256009,0.06652323064040315,0.33367965367965363,0.07485950754411048,0.339349376114082,0.060267280202878915,0.46557778243262116,0.10189942137594607,0.4641129032258064,0.0769321658512214
Transcript_PFT,bilstm,200,16,0.3,0.0,0,0.001,0.4334677419354839,0.07049824076594118,0.36313734960793786,0.10879771686512645,0.4138223841236176,0.06064812743001514,0.3774338624338624,0.14632436559181256,0.38671271538918595,0.09458408916549002,0.4262013568868408,0.07872956340364692,0.4334677419354839,0.07049824076594118
Transcript_PFT,bilstm,200,16,0.3,0.0,0,0.0005,0.4832661290322581,0.08332151754595118,0.309260950887093,0.07609000168727152,0.4157001884648901,0.10231497921969317,0.3264209799861974,0.07717660377971766,0.3536096256684492,0.06252087258869155,0.4318603653242503,0.08998731898715177,0.4832661290322581,0.08332151754595118
Transcript_PFT,bilstm,200,16,0.3,0.0,64,0.001,0.426008064516129,0.14949239902859845,0.2798391906631842,0.10382137651381677,0.35604585158030666,0.1511907701559026,0.26552843291973727,0.10711692949622426,0.38214497920380275,0.059700648371752374,0.3462390595612896,0.15070452453026403,0.426008064516129,0.14949239902859845
Transcript_PFT,bilstm,200,16,0.3,0.0,64,0.0005,0.4568548387096774,0.13586585695975625,0.31630947294142164,0.061256048876186284,0.423039609382658,0.11615938762288607,0.31504258268964147,0.05623382595734981,0.3605689245395128,0.050130072931301,0.42510866791731355,0.09027940569012073,0.4568548387096774,0.13586585695975625
Transcript_PFT,bilstm,200,16,0.3,0.1,0,0.001,0.4074596774193548,0.06419527068527618,0.31668031575002054,0.07610145677129115,0.37394313419926617,0.08164922985700769,0.41898826979472137,0.11508981916255065,0.37430926916221036,0.06396369227423711,0.5070518695014663,0.09255682625939843,0.4074596774193548,0.06419527068527618
Transcript_PFT,bilstm,200,16,0.3,0.1,0,0.0005,0.4254032258064516,0.13015358283531778,0.291779206470282,0.07582344751674863,0.39452537813678656,0.1087136171405599,0.31288683830789094,0.07204915587327945,0.32583184789067143,0.08309541555288157,0.4249174788143379,0.0942752496256545,0.4254032258064516,0.13015358283531778
Transcript_PFT,bilstm,200,16,0.3,0.1,64,0.001,0.4145161290322581,0.044571501618227344,0.25989131101145946,0.041080691097549325,0.3358240221144434,0.06486629639675592,0.3407517272599333,0.135517604913272,0.3425653594771242,0.06736189143691633,0.4804299089814794,0.17969746961930289,0.4145161290322581,0.044571501618227344
Transcript_PFT,bilstm,200,16,0.3,0.1,64,0.0005,0.3752016129032258,0.09196377606547376,0.25127983357085526,0.059593875888677476,0.3427990212426227,0.0871204368056901,0.268836278100984,0.0799228464647042,0.29534313725490197,0.04714838065025099,0.37624704596478786,0.09942880030414523,0.3752016129032258,0.09196377606547376
Transcript_PFT,bilstm,200,16,0.3,0.2,0,0.001,0.4332661290322581,0.07842301380776583,0.3081395803139855,0.04897341044103709,0.41863398153071857,0.06869611261851587,0.32776986658565604,0.0659983138648922,0.3265300059417707,0.05228178625278394,0.4436506060789805,0.06987508951398833,0.4332661290322581,0.07842301380776583
Transcript_PFT,bilstm,200,16,0.3,0.2,0,0.0005,0.4143145161290323,0.1103137670974856,0.29737042257166096,0.09734156452712844,0.37526336148327555,0.12060715007882238,0.34335809686193314,0.09465782867352615,0.3381238859180035,0.08678648061428738,0.4552399564313804,0.12499113150225327,0.4143145161290323,0.1103137670974856
Transcript_PFT,bilstm,200,16,0.3,0.2,64,0.001,0.4516129032258064,0.1265962080630448,0.29345819328683465,0.07816663321537193,0.40112726920765274,0.08926527353129576,0.33865109773155744,0.12872488764047443,0.3298202614379085,0.09639470420008223,0.4557973218331951,0.14961285295888574,0.4516129032258064,0.1265962080630448
Transcript_PFT,bilstm,200,16,0.3,0.2,64,0.0005,0.4137096774193549,0.07818474562528904,0.25640868616478374,0.05537398029623536,0.34409943043450125,0.08866240875257449,0.2635231626610937,0.09710082473065616,0.32250445632798574,0.02014838295199197,0.36477737258570125,0.1380153300439927,0.4137096774193549,0.07818474562528904
Transcript_PFT,bilstm,200,64,0.3,0.0,0,0.001,0.4522177419354839,0.06158803965472489,0.3214064010995561,0.09504078514767444,0.4068801102844179,0.07840438640956678,0.3123266532602917,0.12071499955099421,0.3571672608437314,0.08192419768754984,0.3939681319916519,0.10716151383644583,0.4522177419354839,0.06158803965472489
Transcript_PFT,bilstm,200,64,0.3,0.0,0,0.0005,0.4774193548387097,0.04125238459982278,0.3263632110324103,0.054256579173631324,0.40792914012526066,0.040276266292921636,0.32485869041796334,0.08951896947963334,0.4154783125371361,0.08197391137622537,0.4160823514617987,0.0913509290136058,0.4774193548387097,0.04125238459982278
Transcript_PFT,bilstm,200,64,0.3,0.0,64,0.001,0.4195564516129033,0.05511228015167916,0.2662571626201468,0.07094413023886906,0.3427320842411149,0.09250333741552837,0.3373774250440917,0.07756045688607674,0.3394607843137255,0.04928238391241576,0.4639197815326847,0.1033089382797103,0.4195564516129033,0.05511228015167916
Transcript_PFT,bilstm,200,64,0.3,0.0,64,0.0005,0.4588709677419355,0.06452683882881893,0.33470030195313993,0.05139714314684229,0.40903411537223827,0.06725814785174211,0.34172835935993834,0.048032133103505,0.4015151515151515,0.05828881074792814,0.4402333221390947,0.06997668937126324,0.4588709677419355,0.06452683882881893
Transcript_PFT,bilstm,200,64,0.3,0.1,0,0.001,0.4326612903225807,0.04288908783547395,0.3417315755428278,0.07691067188434643,0.41425498487471585,0.057244938180710914,0.34285589138530315,0.09902832545478642,0.3742647058823529,0.08440867127092713,0.4346420477780179,0.10872310948490814,0.4326612903225807,0.04288908783547395
Transcript_PFT,bilstm,200,64,0.3,0.1,0,0.0005,0.39455645161290326,0.07534929932965073,0.30779781598258893,0.05155659837620114,0.3694897721546974,0.053423785181799015,0.3437563025210084,0.11523148517289306,0.3300876411170529,0.03823814486092751,0.39189731013373097,0.0692017610272072,0.39455645161290326,0.07534929932965073
Transcript_PFT,bilstm,200,64,0.3,0.1,64,0.001,0.4512096774193548,0.09467137420938299,0.3103024817379979,0.09995456848942355,0.40619674887038465,0.08179249420333419,0.3167213877740194,0.11967867368880968,0.3575311942959002,0.08767403168043089,0.40605844483285064,0.09481946973245774,0.4512096774193548,0.09467137420938299
Transcript_PFT,bilstm,200,64,0.3,0.1,64,0.0005,0.5098790322580645,0.038095770383650585,0.32216738490860214,0.06218725024303428,0.4248664326133361,0.06487305325387067,0.31407733921057907,0.10007275797982154,0.3885918003565062,0.0404172884352562,0.4072450390541684,0.112055372243361,0.5098790322580645,0.038095770383650585
Transcript_PFT,bilstm,200,64,0.3,0.2,0,0.001,0.3943548387096774,0.07087604046038655,0.3297553965849579,0.10826199964933927,0.36949647893469073,0.0757277570517591,0.35746540496540496,0.12394445420593046,0.39697712418300657,0.1073174327722243,0.4345260219730986,0.13500149985627,0.3943548387096774,0.07087604046038655
Transcript_PFT,bilstm,200,64,0.3,0.2,0,0.0005,0.4252016129032258,0.12888789807639625,0.35846471368369104,0.13272995711049984,0.40070312402850056,0.1133617555392249,0.40952972952972955,0.1945938144733203,0.40612002376708256,0.11515344667066564,0.46982850706641033,0.17894065355000266,0.4252016129032258,0.12888789807639625
Transcript_PFT,bilstm,200,64,0.3,0.2,64,0.001,0.4209677419354839,0.08853217211545025,0.23549144235643088,0.05202086110362753,0.330497712215528,0.09337279226318258,0.2523599006357627,0.09333105945580643,0.30150029708853243,0.03225996570919494,0.3518536316297718,0.13409571818409516,0.4209677419354839,0.08853217211545025
Transcript_PFT,bilstm,200,64,0.3,0.2,64,0.0005,0.426008064516129,0.11234308052539545,0.2574553761395867,0.04745788504479396,0.3713058791425196,0.07397226326208838,0.32729240715614466,0.10967076924768053,0.2921048722519311,0.059961095944696265,0.4531767554608906,0.12685480259723178,0.426008064516129,0.11234308052539545
Transcript_PFT,bilstm,200,128,0.3,0.0,0,0.001,0.4641129032258065,0.06833636565524788,0.3571717188899851,0.10570237861891288,0.42727479597036666,0.0710299007487676,0.38008758391367087,0.09600003311513439,0.38909685086155676,0.11202289718414823,0.45037552480829135,0.071218980168434,0.4641129032258065,0.06833636565524788
Transcript_PFT,bilstm,200,128,0.3,0.0,0,0.0005,0.4897177419354839,0.07759975621361236,0.3206243457273205,0.07520123202684355,0.4089826671566632,0.09416671005120439,0.3393974543974544,0.07833998711075923,0.37419786096256685,0.06297343423325955,0.4183746909452554,0.0785951146116814,0.4897177419354839,0.07759975621361236
Transcript_PFT,bilstm,200,128,0.3,0.0,64,0.001,0.4895161290322581,0.07579840811822518,0.27726109180649955,0.05216452648687212,0.3867227637403142,0.07033547253544277,0.3018364197530864,0.1060437606539228,0.3717171717171717,0.04790398050080651,0.42035190918885473,0.11848523046510943,0.4895161290322581,0.07579840811822518
Transcript_PFT,bilstm,200,128,0.3,0.0,64,0.0005,0.4455645161290322,0.08880813817340875,0.3147462052395933,0.10609320347876805,0.3938371871106304,0.08625816229024313,0.30601881778352363,0.10901355924570595,0.3641488413547237,0.10588156051456894,0.38806391301350973,0.09959707805824877,0.4455645161290322,0.08880813817340875
Transcript_PFT,bilstm,200,128,0.3,0.1,0,0.001,0.4463709677419355,0.13210399907375975,0.2954839293128253,0.08257911075877258,0.4093316304475598,0.1113315986247424,0.299521005310479,0.08256433077955853,0.325393642305407,0.09782975946325884,0.4156771936679619,0.10998027251593598,0.4463709677419355,0.13210399907375975
Transcript_PFT,bilstm,200,128,0.3,0.1,0,0.0005,0.3881048387096774,0.08072576616930452,0.3187142682906091,0.11007031254166605,0.38241462183305774,0.0801531471425518,0.32600112134167863,0.10523803869251996,0.3398767082590612,0.115195868687827,0.4103127724407405,0.08258341571135004,0.3881048387096774,0.08072576616930452
Transcript_PFT,bilstm,200,128,0.3,0.1,64,0.001,0.4457661290322581,0.06543076465684629,0.3037752949595055,0.051701693297129196,0.39622772545045465,0.08510821253636151,0.31670350020350024,0.04582085531220286,0.3704471182412359,0.0420016077130428,0.4328400906888811,0.07046000918615626,0.4457661290322581,0.06543076465684629
Transcript_PFT,bilstm,200,128,0.3,0.1,64,0.0005,0.438508064516129,0.12028368414800256,0.29001132274532876,0.07718747830114156,0.39024798166055696,0.08803984415865287,0.3177993137131068,0.08954598022315984,0.31449049316696376,0.0861951435501209,0.40559299557505896,0.09707689479967152,0.438508064516129,0.12028368414800256
Transcript_PFT,bilstm,200,128,0.3,0.2,0,0.001,0.4445564516129033,0.08494581121439719,0.35886066513852777,0.08465728765622776,0.41684705278629786,0.05693880626360603,0.38716835452129567,0.09721820679540752,0.40350564468211536,0.09944629977710653,0.4606002110831926,0.08943563806042887,0.4445564516129033,0.08494581121439719
Transcript_PFT,bilstm,200,128,0.3,0.2,0,0.0005,0.4268145161290323,0.07597784331170243,0.2566367258045881,0.02612968361121978,0.3371441056338601,0.07113028527656043,0.32620634920634917,0.08437403676558881,0.3255050505050505,0.03617520598196896,0.4375173771121352,0.13245446991658136,0.4268145161290323,0.07597784331170243
Transcript_PFT,bilstm,200,128,0.3,0.2,64,0.001,0.4574596774193548,0.09650163229925385,0.30010507111102813,0.07893120107651537,0.3933276219492713,0.08032887324468636,0.2829470121381886,0.1024418399913639,0.3498588829471182,0.07956521638381363,0.3698678327177645,0.10584057004290771,0.4574596774193548,0.09650163229925385
Transcript_PFT,bilstm,200,128,0.3,0.2,64,0.0005,0.4582661290322581,0.04800589085426661,0.315951865951866,0.0619077509032222,0.42144246570180355,0.05955951644156334,0.32450505050505046,0.06196796095869895,0.34627153891859774,0.054876997783508887,0.43460409684401624,0.05124799026002517,0.4582661290322581,0.04800589085426661
Transcript_CTD,lstm,100,16,0.3,0.0,0,0.001,0.5203629032258065,0.12779204886197465,0.3939266280464351,0.13248852721927504,0.4790177910398861,0.13541633984493787,0.4417085137085137,0.12078273405831083,0.4234105763517528,0.10978928872215743,0.541344557324396,0.09116285979356062,0.5203629032258065,0.12779204886197465
Transcript_CTD,lstm,100,16,0.3,0.0,0,0.0005,0.5189516129032258,0.05207080147534814,0.32216598216598213,0.06855803630404231,0.43628628539918857,0.06692261031192576,0.3544475116938885,0.1504770075615519,0.37142008318478903,0.06571760846557133,0.4505647086051188,0.15750511780101747,0.5189516129032258,0.05207080147534814
Transcript_CTD,lstm,100,16,0.3,0.0,64,0.001,0.5379032258064516,0.04809048876088895,0.335340181750592,0.06821695418179684,0.46913098650587337,0.06908721893987807,0.37655757039657967,0.10941450570338104,0.385086155674391,0.0420019097862134,0.5125659380900068,0.12468128061635521,0.5379032258064516,0.04809048876088895
Transcript_CTD,lstm,100,16,0.3,0.0,64,0.0005,0.422983870967742,0.13398023135276438,0.28835664188401283,0.08376686277090253,0.38540476592360295,0.1256738547026999,0.30222260476096796,0.09720741739294733,0.33084521687462864,0.08773994083409696,0.4149740841961987,0.11975369496749631,0.422983870967742,0.13398023135276438
Transcript_CTD,lstm,100,16,0.3,0.1,0,0.001,0.4675403225806452,0.08519522936866843,0.34373504796196674,0.09182673073200891,0.4472196183814604,0.0818859540907563,0.3355953598058862,0.09829843957806288,0.3703579916815211,0.09283980392086114,0.4447028021497461,0.0890007774196243,0.4675403225806452,0.08519522936866843
Transcript_CTD,lstm,100,16,0.3,0.1,0,0.0005,0.5120967741935484,0.0781051613729242,0.3646401605727287,0.098454192873181,0.4734473559588106,0.06843280210601772,0.3743397745571658,0.118775695906232,0.39643493761140813,0.11932547912684331,0.4787293517219885,0.09944982757109268,0.5120967741935484,0.0781051613729242
Transcript_CTD,lstm,100,16,0.3,0.1,64,0.001,0.5127016129032258,0.11822770429317724,0.40332601041519445,0.09863139170428965,0.4951415456164492,0.10556732781190244,0.40662696780343843,0.09754346885988092,0.44124331550802137,0.09299845211408767,0.5022995232945423,0.09156833056042675,0.5127016129032258,0.11822770429317724
Transcript_CTD,lstm,100,16,0.3,0.1,64,0.0005,0.5320564516129032,0.0594822987161888,0.372013332013332,0.05889432699704136,0.4935070176300016,0.05376204046720225,0.4377161968466316,0.10886317880751765,0.3932635175282234,0.061794318324574014,0.5525139289182066,0.08540374472964982,0.5320564516129032,0.0594822987161888
Transcript_CTD,lstm,100,16,0.3,0.2,0,0.001,0.5320564516129032,0.08287344921509837,0.4257790706026,0.07897587649221963,0.5328836548887544,0.07637341782497037,0.4447367355726489,0.07290980167927297,0.43360814022578725,0.07655218489628102,0.5646474772605803,0.05728020043318141,0.5320564516129032,0.08287344921509837
Transcript_CTD,lstm,100,16,0.3,0.2,0,0.0005,0.45443548387096777,0.06885132302739191,0.30550113800887796,0.03794044643149896,0.4062633847393659,0.054640399806423164,0.33461557892077926,0.1023076952404614,0.3396019013666073,0.04639968892461408,0.4337564893496747,0.1328551989601038,0.45443548387096777,0.06885132302739191
Transcript_CTD,lstm,100,16,0.3,0.2,64,0.001,0.4223790322580646,0.12492518572784399,0.26762328479288783,0.05383696608496029,0.3359546082070647,0.09753516794876596,0.326193339227822,0.07877158975562257,0.3619726678550208,0.0429547884557778,0.43402446093950536,0.12297625520120206,0.4223790322580646,0.12492518572784399
Transcript_CTD,lstm,100,16,0.3,0.2,64,0.0005,0.4227822580645162,0.05998314235954717,0.3017213048913218,0.042390428021127344,0.41124515163885533,0.05523397397365992,0.30997002429227494,0.05165029517438706,0.3309269162210339,0.05954223896404124,0.4273120051750632,0.0629823597930448,0.4227822580645162,0.05998314235954717
Transcript_CTD,lstm,100,64,0.3,0.0,0,0.001,0.5191532258064516,0.021279475487030245,0.3130563665447386,0.04719769362849348,0.4110062986525852,0.04252882143015254,0.27772622014001325,0.06266919536430614,0.38468508615567437,0.049049945373788116,0.3503775138932258,0.06685236584816336,0.5191532258064516,0.021279475487030245
Transcript_CTD,lstm,100,64,0.3,0.0,0,0.0005,0.5137096774193548,0.07229333816456442,0.35236567676259123,0.08854138198008835,0.4757163303500905,0.07559402718163367,0.3565099973209431,0.11372135382600985,0.3737819370172311,0.06391175702135533,0.4696527212396542,0.09405615204210324,0.5137096774193548,0.07229333816456442
Transcript_CTD,lstm,100,64,0.3,0.0,64,0.001,0.467741935483871,0.10795613245600974,0.29227611696719247,0.06321933603581373,0.3913481706342672,0.0963371815118658,0.3249111122795333,0.10583939781865413,0.35275549613784907,0.07013602905656174,0.4307376770088995,0.1385888374902092,0.467741935483871,0.10795613245600974
Transcript_CTD,lstm,100,64,0.3,0.0,64,0.0005,0.492741935483871,0.14117280427183185,0.3266933627073357,0.14834061625472694,0.41298258701547896,0.18078892320467455,0.3227539801527808,0.19402199760392874,0.38078579916815214,0.10225514316852555,0.39273567709232937,0.22236792868017427,0.492741935483871,0.14117280427183185
Transcript_CTD,lstm,100,64,0.3,0.1,0,0.001,0.5316532258064516,0.0771932602477671,0.3754880848884789,0.08641613201213613,0.48950119582935764,0.06178116699231854,0.42130217684679927,0.12132995705609015,0.38986185383244204,0.0836868272385311,0.5190263567200989,0.09884822909263724,0.5316532258064516,0.0771932602477671
Transcript_CTD,lstm,100,64,0.3,0.1,0,0.0005,0.3915322580645161,0.09811238750905171,0.21779210143727576,0.03860546735930818,0.3103877644144129,0.07819226471834076,0.2387408676614074,0.05780245539910844,0.2757501485442662,0.04214675314270307,0.33545532245398035,0.06334337736664125,0.3915322580645161,0.09811238750905171
Transcript_CTD,lstm,100,64,0.3,0.1,64,0.001,0.5076612903225806,0.12283769737316685,0.3554896078580289,0.12418704387701805,0.47038858754902896,0.13440921931677105,0.3931203196528274,0.16546487564880089,0.37498514557338086,0.0978564613781513,0.5013404305172507,0.13985463257512276,0.5076612903225806,0.12283769737316685
Transcript_CTD,lstm,100,64,0.3,0.1,64,0.0005,0.4288306451612903,0.10561822483489142,0.276064285366611,0.04251317418465236,0.39973507197438174,0.07014625560745369,0.3527307692307692,0.12133484584451347,0.29643493761140816,0.05756668458497401,0.4759549214226634,0.13399205146390447,0.4288306451612903,0.10561822483489142
Transcript_CTD,lstm,100,64,0.3,0.2,0,0.001,0.4929435483870968,0.09260596624619422,0.32671705530800904,0.056322285071524016,0.4535236759248752,0.07758117067742663,0.3282608695652174,0.06503387631415251,0.3481803327391563,0.06131775423544978,0.44440178432289235,0.08397892196242145,0.4929435483870968,0.09260596624619422
Transcript_CTD,lstm,100,64,0.3,0.2,0,0.0005,0.5254032258064516,0.04482159106964599,0.3302060512752515,0.05259512258548001,0.4334629581136177,0.03083939040276126,0.3326774964166268,0.042343661076441635,0.3903743315508021,0.09004727503323214,0.4150116575220011,0.07300111763170042,0.5254032258064516,0.04482159106964599
Transcript_CTD,lstm,100,64,0.3,0.2,64,0.001,0.5381048387096774,0.08712010589523334,0.3738449332202708,0.12248888591142176,0.48279938318450116,0.10036700205422366,0.42199430199430193,0.14261237485553693,0.4003565062388592,0.10079874332310626,0.5138885442514475,0.1353865871973328,0.5381048387096774,0.08712010589523334
Transcript_CTD,lstm,100,64,0.3,0.2,64,0.0005,0.5058467741935484,0.07806455778457967,0.3504710134506034,0.07144956815199512,0.4692263755044265,0.05838347215885819,0.37736185875316314,0.08155442868646295,0.3743389780154486,0.07125733787318499,0.49238292398539596,0.07334276799726644,0.5058467741935484,0.07806455778457967
Transcript_CTD,lstm,100,128,0.3,0.0,0,0.001,0.4931451612903226,0.07144724373155784,0.34398458898275386,0.07590790680163909,0.45262092026900963,0.05708889077315613,0.41162524025681924,0.11246097172586902,0.3682783719548425,0.07445478135963637,0.521397948896039,0.07963816535691565,0.4931451612903226,0.07144724373155784
Transcript_CTD,lstm,100,128,0.3,0.0,0,0.0005,0.4808467741935484,0.10013080025251547,0.32260252164344233,0.057835035107261665,0.4370586038927657,0.06619818232127236,0.41472923661671396,0.10116361810640626,0.3579174093879976,0.07646231873744849,0.5344559463281289,0.12546068515344339,0.4808467741935484,0.10013080025251547
Transcript_CTD,lstm,100,128,0.3,0.0,64,0.001,0.4689516129032258,0.10216503858591346,0.3280172974230699,0.10122893822235172,0.424805672007189,0.11752966790294463,0.3898729622867554,0.10039979070636448,0.3633169934640523,0.07672278850161163,0.5067353733013699,0.10884617777044871,0.4689516129032258,0.10216503858591346
Transcript_CTD,lstm,100,128,0.3,0.0,64,0.0005,0.5449596774193548,0.02152259055658472,0.2742147118894839,0.05259533520184726,0.4152834116945795,0.0574372886922774,0.2820549066864418,0.13750389023439122,0.35277777777777775,0.02421610524189264,0.4031650847678723,0.1577259624294197,0.5449596774193548,0.02152259055658472
Transcript_CTD,lstm,100,128,0.3,0.1,0,0.001,0.5508064516129032,0.03980310541694538,0.3542377284675102,0.07564276926746212,0.4526677221404488,0.055732718467363405,0.4544680703605435,0.18261904325655476,0.4185606060606061,0.06645301700475134,0.5473738464872699,0.19195025448111355,0.5508064516129032,0.03980310541694538
Transcript_CTD,lstm,100,128,0.3,0.1,0,0.0005,0.5512096774193548,0.06476263391262534,0.36969909677575574,0.09546707412321861,0.48993130031717913,0.06617035203757454,0.47082467723847027,0.11285337441019717,0.4078579916815211,0.08258992204343822,0.6039574111465102,0.11087448709290866,0.5512096774193548,0.06476263391262534
Transcript_CTD,lstm,100,128,0.3,0.1,64,0.001,0.5127016129032258,0.025657964951504873,0.35828687393489356,0.07868001629969204,0.46183820946562576,0.04878819733422354,0.4024849303910437,0.14576614695178172,0.4066325014854427,0.05574478807120353,0.5087053328264755,0.1394006675767407,0.5127016129032258,0.025657964951504873
Transcript_CTD,lstm,100,128,0.3,0.1,64,0.0005,0.45625,0.09972728813077608,0.27653769167059206,0.08674369376783948,0.36751916875077495,0.1123335548965011,0.25882508416522815,0.11652538114101996,0.35277777777777775,0.07019043760274042,0.3426364430692858,0.14237663680906998,0.45625,0.09972728813077608
Transcript_CTD,lstm,100,128,0.3,0.2,0,0.001,0.4362903225806452,0.0653375132275132,0.2435589428067831,0.021834704882697262,0.33855535842239204,0.04449103830772881,0.2648654250211536,0.10214388957804825,0.3272058823529412,0.026516441363961325,0.38920677610113,0.1507686243422623,0.4362903225806452,0.0653375132275132
Transcript_CTD,lstm,100,128,0.3,0.2,0,0.0005,0.5012096774193548,0.0965353234751919,0.3164297581370752,0.08785860101656376,0.417385117723434,0.11998600871440833,0.403204295766838,0.16612520206096845,0.37676024955436715,0.05842512252516868,0.503352706797711,0.20341027960690383,0.5012096774193548,0.0965353234751919
Transcript_CTD,lstm,100,128,0.3,0.2,64,0.001,0.5508064516129032,0.057001925958297714,0.37808099892970337,0.05786103334044904,0.48866653462562326,0.05030348789315974,0.45968850902184233,0.12214044603021607,0.4095662507427213,0.05442517988818544,0.5583321385902031,0.0993763952080012,0.5508064516129032,0.057001925958297714
Transcript_CTD,lstm,100,128,0.3,0.2,64,0.0005,0.4483870967741936,0.13852200357150896,0.2950768576321056,0.137722964813578,0.3723733482762884,0.14145211290205953,0.354525508308117,0.21173073718773422,0.35488710635769455,0.1331538605677567,0.4559600974061002,0.2271651972483863,0.4483870967741936,0.13852200357150896
Transcript_CTD,lstm,200,16,0.3,0.0,0,0.001,0.5264112903225806,0.08667103983870371,0.3686334759026781,0.08779223793685395,0.49905038656381473,0.07747110317271334,0.41414779983745503,0.1262371047657518,0.37997623291740934,0.07583511041125289,0.5399050151121897,0.10515107010113857,0.5264112903225806,0.08667103983870371
Transcript_CTD,lstm,200,16,0.3,0.0,0,0.0005,0.4233870967741935,0.06737612443292072,0.28882551205600204,0.028125604367794613,0.4033684129035689,0.05013398061670766,0.30016325525478843,0.04265296785972639,0.30657308377896614,0.03197966586780623,0.42431105315980655,0.06539558529029962,0.4233870967741935,0.06737612443292072
Transcript_CTD,lstm,200,16,0.3,0.0,64,0.001,0.5826612903225806,0.0675929621541944,0.38467017258779274,0.1068362998570185,0.5226022405346242,0.09784396312286202,0.40783533197326305,0.17797478442961634,0.4115938799762329,0.07589893810651793,0.5040101074305745,0.12698502149295224,0.5826612903225806,0.0675929621541944
Transcript_CTD,lstm,200,16,0.3,0.0,64,0.0005,0.5012096774193548,0.11788822110074273,0.37915691991660433,0.09386199591047326,0.4615264743636944,0.10322904222445384,0.44988639900404603,0.11724997040764089,0.44293672014260255,0.09323664775253174,0.548923352271016,0.0900739264336402,0.5012096774193548,0.11788822110074273
Transcript_CTD,lstm,200,16,0.3,0.1,0,0.001,0.5449596774193548,0.07387840679545515,0.4148937281445022,0.09260234279997111,0.5198046936535963,0.0755580723066854,0.42669476664832706,0.10651990036509675,0.42782976827094477,0.08666247283243197,0.5190057565524459,0.07840970482681282,0.5449596774193548,0.07387840679545515
Transcript_CTD,lstm,200,16,0.3,0.1,0,0.0005,0.5451612903225806,0.07241917522788274,0.4155117784065153,0.09865713225918805,0.4993737634442218,0.07575511715367968,0.44647060668799804,0.13925198465809033,0.4546122994652406,0.10153925938235116,0.5248577135814163,0.12046520036690031,0.5451612903225806,0.07241917522788274
Transcript_CTD,lstm,200,16,0.3,0.1,64,0.001,0.5254032258064516,0.11509677871401697,0.3562262619249406,0.10034404852683965,0.4851557772132334,0.09913614949011648,0.3672182138848806,0.12016097196773712,0.37495543672014264,0.09609923576691305,0.47870539108442334,0.09819351016261547,0.5254032258064516,0.11509677871401697
Transcript_CTD,lstm,200,16,0.3,0.1,64,0.0005,0.5118951612903226,0.10774582883635782,0.42172283054635995,0.07006042489009016,0.4667284905164412,0.06775165012162544,0.5059050524862881,0.11133727324136711,0.48399435531788476,0.07687042705132562,0.5432823340785344,0.10368368795152288,0.5118951612903226,0.10774582883635782
Transcript_CTD,lstm,200,16,0.3,0.2,0,0.001,0.5004032258064516,0.05151831049575626,0.37840611368523885,0.07741589857960013,0.47910761667772156,0.0472648093621123,0.387545347519772,0.08558474459958772,0.38765597147950087,0.06415292374134407,0.48035401780245435,0.04914026047323152,0.5004032258064516,0.05151831049575626
Transcript_CTD,lstm,200,16,0.3,0.2,0,0.0005,0.5066532258064516,0.07026896631850638,0.37838138985197806,0.09360636821183956,0.4768484693674447,0.07334149147675273,0.39558758006126427,0.08740628629144045,0.3959893048128343,0.08559061903829841,0.49033688471851666,0.07686762701108539,0.5066532258064516,0.07026896631850638
Transcript_CTD,lstm,200,16,0.3,0.2,64,0.001,0.39717741935483875,0.1257262978740215,0.26344249512670564,0.08830912050534148,0.352114028350446,0.14635292243738332,0.2665802394063264,0.10154721586555591,0.3083853238265003,0.06599868887701485,0.3643966365565244,0.14936464956679427,0.39717741935483875,0.1257262978740215
Transcript_CTD,lstm,200,16,0.3,0.2,64,0.0005,0.4800403225806452,0.06694155627333088,0.355649169629617,0.07650814560539437,0.4426044130762713,0.10000254189414531,0.41512381070352083,0.06770775114930223,0.3855540701128937,0.052423007823845215,0.530404347572782,0.09134396919837473,0.4800403225806452,0.06694155627333088
Transcript_CTD,lstm,200,64,0.3,0.0,0,0.001,0.4618951612903226,0.061998508340285044,0.3325930567450876,0.07141399585202628,0.43762907924922984,0.06446256820651627,0.34444869944869944,0.07605313606057167,0.3681818181818182,0.08472046322993261,0.457549645694807,0.07885327761848421,0.4618951612903226,0.061998508340285044
Transcript_CTD,lstm,200,64,0.3,0.0,0,0.0005,0.557258064516129,0.06806757369680384,0.39932141454606146,0.08765469287937062,0.5052071293420961,0.06281856338368016,0.5068168015559321,0.16432610310718143,0.45022281639928696,0.11325946676124456,0.6222908386611052,0.15943908536656018,0.557258064516129,0.06806757369680384
Transcript_CTD,lstm,200,64,0.3,0.0,64,0.001,0.4487903225806452,0.09141405612162554,0.31101795587884296,0.08752624541673973,0.4263162462291157,0.08469342440355067,0.3341102756892231,0.1041641092415259,0.32765894236482473,0.08444388585992414,0.4582070462078951,0.09894359778495972,0.4487903225806452,0.09141405612162554
Transcript_CTD,lstm,200,64,0.3,0.0,64,0.0005,0.4870967741935484,0.08436578600401302,0.27964323713167377,0.06499937506116342,0.4086785578138791,0.08908526904699585,0.2667296103746979,0.09030814288554337,0.3306372549019608,0.03996559672211881,0.38568385881088507,0.11222575098077543,0.4870967741935484,0.08436578600401302
Transcript_CTD,lstm,200,64,0.3,0.1,0,0.001,0.5258064516129032,0.06735681618651969,0.3803509456274482,0.09172284223364548,0.49061936127596456,0.06013178545403,0.46198744231992317,0.10233314689078514,0.39058229352346996,0.08388658041599702,0.5569028078155058,0.07279429678138047,0.5258064516129032,0.06735681618651969
Transcript_CTD,lstm,200,64,0.3,0.1,0,0.0005,0.5762096774193548,0.07752429044332423,0.3909065212440141,0.09470052274644092,0.5153714103407167,0.0870347114375035,0.47838109394631134,0.08364714262919469,0.4339497920380273,0.10542162501413588,0.6012538181975419,0.08576830882043354,0.5762096774193548,0.07752429044332423
Transcript_CTD,lstm,200,64,0.3,0.1,64,0.001,0.5133064516129032,0.09984704743964215,0.37010466337851367,0.12324629862000126,0.46828665364200156,0.11790966556423295,0.4043913241069438,0.20053374001506216,0.4043894830659537,0.09030393604905697,0.48773162378826884,0.1431004260524406,0.5133064516129032,0.09984704743964215
Transcript_CTD,lstm,200,64,0.3,0.1,64,0.0005,0.5137096774193548,0.08788472726338888,0.33021461247748884,0.06006386399949269,0.46768502630804953,0.07628833548755476,0.3879388963526894,0.0865520355936417,0.3573752228163993,0.06100655142511037,0.5208608103520506,0.09958151492013968,0.5137096774193548,0.08788472726338888
Transcript_CTD,lstm,200,64,0.3,0.2,0,0.001,0.4870967741935484,0.11737680902361451,0.3356267386758967,0.10967503134594524,0.4471951304945668,0.10059113051821127,0.36590543112282237,0.11977571589874138,0.3556001188354129,0.11666763880105323,0.46887451611132364,0.11289038684390838,0.4870967741935484,0.11737680902361451
Transcript_CTD,lstm,200,64,0.3,0.2,0,0.0005,0.4866935483870968,0.0643596893636412,0.3316368151971868,0.07488719508212704,0.44733820456206363,0.0713802812430936,0.3688419390593304,0.14180621000658383,0.37053624480095065,0.08434503278807363,0.4870004047057431,0.15914578246140657,0.4866935483870968,0.0643596893636412
Transcript_CTD,lstm,200,64,0.3,0.2,64,0.001,0.4292338709677419,0.13368683897718878,0.29395142162661625,0.05385621344974262,0.3809311492487243,0.10841211022683185,0.44419380484289206,0.06773887955927153,0.3708853238265003,0.03182183800234559,0.5730840033240986,0.07518005014921147,0.4292338709677419,0.13368683897718878
Transcript_CTD,lstm,200,64,0.3,0.2,64,0.0005,0.4879032258064516,0.0781051613729242,0.34713571039609387,0.06430508022541719,0.44041055559367936,0.07945531999021835,0.36809523809523814,0.08641636335719698,0.39412507427213306,0.03552776258349593,0.4538181643625192,0.09326036370218974,0.4879032258064516,0.0781051613729242
Transcript_CTD,lstm,200,128,0.3,0.0,0,0.001,0.5578629032258065,0.07334831481472665,0.38134949964218257,0.10257107313032966,0.4725238156261956,0.09802101888124821,0.37127628249367384,0.1369294763761592,0.45425579322638143,0.08586435010780734,0.4488012923261871,0.13111290133071093,0.5578629032258065,0.07334831481472665
Transcript_CTD,lstm,200,128,0.3,0.0,0,0.0005,0.486491935483871,0.07436100492240351,0.3444304959405702,0.058705733284298615,0.44340516805588814,0.06043882911942471,0.42756592292089246,0.12544735457213613,0.3809194890077243,0.06104999289245445,0.5346060028572052,0.14935545037063355,0.486491935483871,0.07436100492240351
Transcript_CTD,lstm,200,128,0.3,0.0,64,0.001,0.4425403225806452,0.04909595024954,0.335256486432957,0.030613055297708882,0.41029732469722974,0.018741778470909444,0.3375672149201561,0.042452997477307214,0.3834744503862151,0.06308578274986826,0.42714106625900977,0.057024903707021575,0.4425403225806452,0.04909595024954
Transcript_CTD,lstm,200,128,0.3,0.0,64,0.0005,0.4814516129032258,0.05467242340863965,0.2779057478884637,0.04569247450392935,0.37928329574459324,0.06894894374986898,0.2684514789931725,0.08752980166406506,0.34821746880570414,0.035005350639403354,0.36634342451685314,0.07960196438833428,0.4814516129032258,0.05467242340863965
Transcript_CTD,lstm,200,128,0.3,0.1,0,0.001,0.4997983870967742,0.08404235745142896,0.36299558488605743,0.10400775628050878,0.4566338095104611,0.08627133933321908,0.44049608413452795,0.18853008770330648,0.4171048722519311,0.12476002555827138,0.5500343012834708,0.18574747534376668,0.4997983870967742,0.08404235745142896
Transcript_CTD,lstm,200,128,0.3,0.1,0,0.0005,0.525,0.08033812519620821,0.3198747638991541,0.09352416813066683,0.4344113698664741,0.09341193801062009,0.34205145046524355,0.17524456080360098,0.38455882352941173,0.09359536458715782,0.4481856560199164,0.19506624364539682,0.525,0.08033812519620821
Transcript_CTD,lstm,200,128,0.3,0.1,64,0.001,0.45625,0.0932568106163123,0.29402895807136575,0.05957524319966843,0.41119811202800705,0.08193702950170093,0.32119735384441267,0.0943424362340592,0.33962418300653596,0.05144051477600985,0.450125497262594,0.1314255680963892,0.45625,0.0932568106163123
Transcript_CTD,lstm,200,128,0.3,0.1,64,0.0005,0.4225806451612903,0.1323760292173109,0.25393698893698896,0.06676083842094882,0.364203810862077,0.10936797997473205,0.3062528920724822,0.11346809952330063,0.307122697563874,0.04451070378415829,0.41736185558654365,0.10986203768834253,0.4225806451612903,0.1323760292173109
Transcript_CTD,lstm,200,128,0.3,0.2,0,0.001,0.475,0.0661290322580645,0.3309574042939737,0.06643607935271069,0.4202675072791594,0.05370682250912474,0.33701161425799103,0.07130809160465482,0.376678550207962,0.07418833061875241,0.42319939066958706,0.08352219270452368,0.475,0.0661290322580645
Transcript_CTD,lstm,200,128,0.3,0.2,0,0.0005,0.475,0.05950279595386036,0.322931779541309,0.05486344533196034,0.4277881296646049,0.03694352191554708,0.3838982259570495,0.08732336741550104,0.35599376114082,0.04980982072337233,0.48491287442396314,0.10491916145512166,0.475,0.05950279595386036
Transcript_CTD,lstm,200,128,0.3,0.2,64,0.001,0.46875,0.08865925986630852,0.3255538203321491,0.08438955140488393,0.4309020198381833,0.07815135679295636,0.3640388007054674,0.12948291497063935,0.3693181818181818,0.06655424686310221,0.464756251066735,0.09522605035100512,0.46875,0.08865925986630852
Transcript_CTD,lstm,200,128,0.3,0.2,64,0.0005,0.4800403225806452,0.10355997447979591,0.304569782069782,0.06912931748777391,0.40298617601036957,0.11696819497365409,0.36044802867383513,0.17142218631607412,0.366540404040404,0.055889720440646114,0.47107982136663196,0.23064194906287935,0.4800403225806452,0.10355997447979591
Transcript_CTD,bilstm,100,16,0.3,0.0,0,0.001,0.4866935483870968,0.04977185201357894,0.31408681192467036,0.040720958904817625,0.45037704535649664,0.050564483562853216,0.30644612629509654,0.04130687088416727,0.3365567439096851,0.037493021535997643,0.4341602475098452,0.054778178650512266,0.4866935483870968,0.04977185201357894
Transcript_CTD,bilstm,100,16,0.3,0.0,0,0.0005,0.5445564516129032,0.09559173424835277,0.3801560754632284,0.06221542094241783,0.5186514322791977,0.09714758341642171,0.4349444853392222,0.05428375266107401,0.40574123588829475,0.04794369687936355,0.579373229301471,0.077955119827448,0.5445564516129032,0.09559173424835277
Transcript_CTD,bilstm,100,16,0.3,0.0,64,0.001,0.4669354838709677,0.11428873379391531,0.2804898226895082,0.09961211334526925,0.39518299299583975,0.14806129994622433,0.2673131313131313,0.12163888844327765,0.3322563874034462,0.07505702326288535,0.3706749755620723,0.16924880401417103,0.4669354838709677,0.11428873379391531
Transcript_CTD,bilstm,100,16,0.3,0.0,64,0.0005,0.4306451612903225,0.1273683033703202,0.30304726363711876,0.05963499236714545,0.40785689237078565,0.10953699045587027,0.34976393976393977,0.07312658620566308,0.3734551396316102,0.0366152170070716,0.4830231596360629,0.10518629644833052,0.4306451612903225,0.1273683033703202
Transcript_CTD,bilstm,100,16,0.3,0.1,0,0.001,0.5828629032258064,0.10744360014090319,0.4296499426094689,0.10650105356660695,0.5537666451021007,0.11033410010991407,0.45321514570740584,0.12693275703970786,0.44751188354129534,0.09351993740029935,0.5707460992673811,0.11135313465247215,0.5828629032258064,0.10744360014090319
Transcript_CTD,bilstm,100,16,0.3,0.1,0,0.0005,0.5187499999999999,0.14116877320645677,0.34749840668720616,0.09811233576721264,0.4834463484104924,0.13970252054368962,0.34412922326715434,0.10695740273520433,0.3735739750445633,0.08286528808470542,0.476919297255087,0.14024025003733456,0.5187499999999999,0.14116877320645677
Transcript_CTD,bilstm,100,16,0.3,0.1,64,0.001,0.5,0.11630810566012868,0.31211969719709665,0.10046247883344889,0.4401166399518542,0.14544913092583353,0.31681961313540263,0.10809026032306063,0.3537284610814023,0.07230023228190534,0.44217540594662835,0.1399709984421967,0.5,0.11630810566012868
Transcript_CTD,bilstm,100,16,0.3,0.1,64,0.0005,0.526008064516129,0.09643842962012733,0.375808572643611,0.10020338608623755,0.4734856603980955,0.1070337805469864,0.48159642401021713,0.06021150509724338,0.4118835412953059,0.0803425197393458,0.5990914287479916,0.09695077983878776,0.526008064516129,0.09643842962012733
Transcript_CTD,bilstm,100,16,0.3,0.2,0,0.001,0.5643145161290322,0.06131286724584283,0.4086743060860708,0.03954148580797469,0.5240907057837798,0.06128416456842711,0.43649572649572654,0.08162551701443935,0.4264408793820559,0.039501251173218614,0.5333699764024716,0.06775126303874401,0.5643145161290322,0.06131286724584283
Transcript_CTD,bilstm,100,16,0.3,0.2,0,0.0005,0.6088709677419354,0.07222133282980034,0.4341883824236765,0.08556526569130117,0.5745422030004573,0.08047142599290857,0.4521856692503257,0.08780454760532311,0.45124777183600717,0.07990166046419277,0.5829823418493731,0.08120347421210983,0.6088709677419354,0.07222133282980034
Transcript_CTD,bilstm,100,16,0.3,0.2,64,0.001,0.4935483870967742,0.08510261908563174,0.3184604318354552,0.09052652335701013,0.4450348193151955,0.10521269523017814,0.30922031913336256,0.0952095280151507,0.3490493166963755,0.07837613570591787,0.4246685862835933,0.11525549906523481,0.4935483870967742,0.08510261908563174
Transcript_CTD,bilstm,100,16,0.3,0.2,64,0.0005,0.5131048387096774,0.14069345223784033,0.41387663417680914,0.08945637096479368,0.4881619981336708,0.14849988312028573,0.43471024783684625,0.06547920946986355,0.46688205585264414,0.03477372094853604,0.529036846820987,0.08033698538540697,0.5131048387096774,0.14069345223784033
Transcript_CTD,bilstm,100,64,0.3,0.0,0,0.001,0.564516129032258,0.04784644185223009,0.38507811029550154,0.11911376035838209,0.49642432514890444,0.08840334944355231,0.39769463344400335,0.14468148690361268,0.4343211527035056,0.09903985401025332,0.5044218882982643,0.14549175172209983,0.564516129032258,0.04784644185223009
Transcript_CTD,bilstm,100,64,0.3,0.0,0,0.0005,0.5004032258064516,0.059047459703178956,0.37986026422868535,0.10357341493128193,0.4684188347271133,0.08166512671134288,0.3795107698251714,0.11978807711272584,0.4239156268568033,0.10029696698209116,0.4744435935364991,0.1147366637968368,0.5004032258064516,0.059047459703178956
Transcript_CTD,bilstm,100,64,0.3,0.0,64,0.001,0.447983870967742,0.07869000944114872,0.314887981077142,0.06833088603837226,0.4010606809038187,0.07666129812879624,0.37880198233139406,0.06628787105306715,0.37029114676173497,0.06754466959749583,0.4963126190302424,0.10009891107517874,0.447983870967742,0.07869000944114872
Transcript_CTD,bilstm,100,64,0.3,0.0,64,0.0005,0.4747983870967742,0.09168844142727679,0.34446436716414375,0.11324695511672155,0.41914090852867514,0.11875134305986235,0.39909946813259867,0.15740728639871965,0.40577837195484256,0.08852646747457436,0.49976711063539564,0.14686058624163814,0.4747983870967742,0.09168844142727679
Transcript_CTD,bilstm,100,64,0.3,0.1,0,0.001,0.544758064516129,0.10515151844564868,0.39964494146657337,0.11652985197549494,0.5276124429018167,0.11069792122864112,0.41121097649701766,0.115475023302159,0.4108882947118241,0.11244683851274576,0.5352281186145694,0.11118137768903051,0.544758064516129,0.10515151844564868
Transcript_CTD,bilstm,100,64,0.3,0.1,0,0.0005,0.4550403225806452,0.12089312214642361,0.28582001726295336,0.07971655671834353,0.3685747020519336,0.08300692061182305,0.2830538597205264,0.07070790795019798,0.3795751633986928,0.09063488504497624,0.37890674439061534,0.08623228137923103,0.4550403225806452,0.12089312214642361
Transcript_CTD,bilstm,100,64,0.3,0.1,64,0.001,0.5256048387096774,0.10076531418689759,0.35742820404927106,0.1448963650823465,0.4743001364517544,0.13059030175049202,0.3650920174833219,0.16951561967693807,0.3922534165181224,0.12465720206222945,0.47005576704735186,0.15849356645982515,0.5256048387096774,0.10076531418689759
Transcript_CTD,bilstm,100,64,0.3,0.1,64,0.0005,0.4995967741935484,0.06247267873182037,0.2839793539793539,0.04587013220665003,0.40844101239262526,0.06891986493704244,0.3757886094546712,0.12873508830038777,0.34795751633986927,0.040083001585521486,0.5206600823178636,0.154019935881848,0.4995967741935484,0.06247267873182037
Transcript_CTD,bilstm,100,64,0.3,0.2,0,0.001,0.4935483870967742,0.08510261908563173,0.3040901290901291,0.07270358843525027,0.44219039433757173,0.0902789561022675,0.2927705598071731,0.08031708662268351,0.3335115864527629,0.06665867216907988,0.41642124937573194,0.09968587329283966,0.4935483870967742,0.08510261908563173
Transcript_CTD,bilstm,100,64,0.3,0.2,0,0.0005,0.4608870967741936,0.14090766048202708,0.3474647862519716,0.06853331123775266,0.431876262806012,0.10633547770909124,0.3704711483142856,0.08501643914613334,0.39510546642899586,0.06924287283101603,0.4742006098125643,0.09717309895211818,0.4608870967741936,0.14090766048202708
Transcript_CTD,bilstm,100,64,0.3,0.2,64,0.001,0.4870967741935484,0.061544464607544896,0.3567772582996126,0.07929398648087274,0.46088607913461416,0.07013537352552246,0.35648148148148145,0.09206090734071574,0.3755496137849079,0.07106164016188583,0.4528352214541731,0.08043841983779453,0.4870967741935484,0.061544464607544896
Transcript_CTD,bilstm,100,64,0.3,0.2,64,0.0005,0.42983870967741933,0.09822832244248461,0.3208494689902012,0.08784124898376683,0.39875528209126626,0.08023302936773,0.38531020974956903,0.17773097337712165,0.3469994058229352,0.08690694929235032,0.45910383950895695,0.11519749222229503,0.42983870967741933,0.09822832244248461
Transcript_CTD,bilstm,100,128,0.3,0.0,0,0.001,0.5060483870967742,0.06218050492322979,0.2842178716556282,0.020161512010741376,0.4185358819747872,0.031801179875166875,0.342257145482952,0.10366409948612026,0.3348336304218657,0.032315672816149,0.46568961952026466,0.12134540725370971,0.5060483870967742,0.06218050492322979
Transcript_CTD,bilstm,100,128,0.3,0.0,0,0.0005,0.5641129032258064,0.032268143586681564,0.38546670818509976,0.11179380497442952,0.4988329719830511,0.07483558416903799,0.4232614632264001,0.13030307436076777,0.4409090909090909,0.09861474857166895,0.5380820364649199,0.12915314122580068,0.5641129032258064,0.032268143586681564
Transcript_CTD,bilstm,100,128,0.3,0.0,64,0.001,0.4933467741935484,0.07317076409333223,0.2601128542417378,0.038798340506113624,0.39345448561367957,0.04654427667698571,0.3048239372377304,0.13394593728251097,0.32027629233511584,0.05098536394898008,0.42730899191341354,0.15386766288883794,0.4933467741935484,0.07317076409333223
Transcript_CTD,bilstm,100,128,0.3,0.0,64,0.0005,0.4443548387096774,0.161459588601299,0.31558281683723804,0.13354574295122384,0.39077258572416673,0.16875961082776753,0.3410309154111332,0.13243854654731405,0.40451574569221627,0.07662987298514826,0.4305025509872197,0.12435039051522251,0.4443548387096774,0.161459588601299
Transcript_CTD,bilstm,100,128,0.3,0.1,0,0.001,0.5320564516129032,0.04784814091445792,0.34860076038758037,0.10163914583044496,0.46149693273963865,0.07813307333429247,0.32786442358810775,0.12719592356211787,0.3992052881758764,0.0911005417585487,0.42886197619849736,0.12041095117718491,0.5320564516129032,0.04784814091445792
Transcript_CTD,bilstm,100,128,0.3,0.1,0,0.0005,0.5512096774193548,0.02939955827993258,0.36256956327624634,0.03789215117252312,0.47063748848669434,0.041134923265231,0.39490957512696645,0.08179450156185927,0.4105689245395127,0.03591820936401444,0.49018958056124956,0.08719469361233123,0.5512096774193548,0.02939955827993258
Transcript_CTD,bilstm,100,128,0.3,0.1,64,0.001,0.5643145161290322,0.04096464618732673,0.3941500971104329,0.11101903539117008,0.5171279754357163,0.09098284049582021,0.3840118623206858,0.12902866290456616,0.42333630421865714,0.08139952547990147,0.49580064407544544,0.12233270421617963,0.5643145161290322,0.04096464618732673
Transcript_CTD,bilstm,100,128,0.3,0.1,64,0.0005,0.5189516129032258,0.08538110073150142,0.33764231824857094,0.0897629867686179,0.43582444529245523,0.13456950481514102,0.32686868686868686,0.11992406724398912,0.39934640522875814,0.04298705654763122,0.41467568833496243,0.16640480830609988,0.5189516129032258,0.08538110073150142
Transcript_CTD,bilstm,100,128,0.3,0.2,0,0.001,0.5258064516129032,0.07875197171441098,0.40247524144186536,0.12725521914994367,0.4934466535231577,0.10430459705507816,0.40368403663759694,0.14140317794441504,0.42681224004753415,0.12561506551809845,0.4889737818857463,0.13701835290395153,0.5258064516129032,0.07875197171441098
Transcript_CTD,bilstm,100,128,0.3,0.2,0,0.0005,0.538508064516129,0.024196908368834688,0.3329908251690871,0.0664339657259986,0.45488678073939176,0.04240331902099828,0.4043344958574844,0.12304532103946987,0.3802807486631016,0.05641158170736069,0.5150496238302134,0.11991826725869788,0.538508064516129,0.024196908368834688
Transcript_CTD,bilstm,100,128,0.3,0.2,64,0.001,0.4872983870967742,0.0751872878339219,0.2968135287160951,0.10531816979257395,0.39265297778508745,0.12662450464458122,0.26905491885011606,0.13709636733299835,0.36446078431372547,0.04671059657661247,0.3474087747759435,0.15300485484633802,0.4872983870967742,0.0751872878339219
Transcript_CTD,bilstm,100,128,0.3,0.2,64,0.0005,0.5008064516129032,0.06768430728502349,0.28695897046904467,0.022945573681676303,0.4237219135730664,0.03692780831250314,0.32452764094143405,0.052272451255806915,0.3314988116458705,0.03755244587729779,0.449206284098734,0.06695272509555186,0.5008064516129032,0.06768430728502349
Transcript_CTD,bilstm,200,16,0.3,0.0,0,0.001,0.5383064516129032,0.10170566682290509,0.37740186566273526,0.06724668952378389,0.5249598919624341,0.08811855135278684,0.37717683245547023,0.06457916531166363,0.3881535947712419,0.07907224000887653,0.5248472051268417,0.08559520525347376,0.5383064516129032,0.10170566682290509
Transcript_CTD,bilstm,200,16,0.3,0.0,0,0.0005,0.5127016129032258,0.0751872878339219,0.37400439739653857,0.10894115736287024,0.4776091402608107,0.0929090652462098,0.40482556233195616,0.16865245253758943,0.3872846108140226,0.08424742240231069,0.4769150538559905,0.11674010038828737,0.5127016129032258,0.0751872878339219
Transcript_CTD,bilstm,200,16,0.3,0.0,64,0.001,0.4419354838709678,0.07184212081070995,0.31005658084605453,0.07366035883567904,0.3734167438390698,0.10758836064033098,0.3029358562584369,0.10428685879807642,0.37165032679738563,0.04444654695142236,0.3712470894090301,0.14201607103336947,0.4419354838709678,0.07184212081070995
Transcript_CTD,bilstm,200,16,0.3,0.0,64,0.0005,0.5256048387096774,0.03758661519796032,0.31554986222131126,0.09197218971488728,0.4395453771595184,0.06531283507347756,0.3080121312379377,0.12225329469623138,0.3700609031491385,0.073245594595559,0.4155003135088983,0.10942353272933854,0.5256048387096774,0.03758661519796032
Transcript_CTD,bilstm,200,16,0.3,0.1,0,0.001,0.5897177419354838,0.07737839138062697,0.39856216247520593,0.0991660696710481,0.5400516142732131,0.10474450598455738,0.38233766233766237,0.11215234654384941,0.43114973262032086,0.0836722834580606,0.5127119553833263,0.1227022124781371,0.5897177419354838,0.07737839138062697
Transcript_CTD,bilstm,200,16,0.3,0.1,0,0.0005,0.5703629032258065,0.08614417077300458,0.4492051854574467,0.12614303831654708,0.5446685197703008,0.0999787680016568,0.47399434117081174,0.1250184748276905,0.4582590612002376,0.11288637855028898,0.5586902848627232,0.09679175280678594,0.5703629032258065,0.08614417077300458
Transcript_CTD,bilstm,200,16,0.3,0.1,64,0.001,0.4433467741935484,0.09737798870742521,0.26412649991129517,0.08713056448233558,0.3527178034291253,0.10203510264349377,0.25181812390508046,0.1172038615067547,0.3214200831847891,0.07064788334377695,0.3199090439714563,0.12164182620689631,0.4433467741935484,0.09737798870742521
Transcript_CTD,bilstm,200,16,0.3,0.1,64,0.0005,0.5379032258064516,0.13151838794771736,0.39007540103930377,0.0801957968341692,0.5190870905664825,0.12171657160738578,0.40542443064182193,0.07751185355399373,0.4166963755199049,0.0771087097622235,0.5470620450143592,0.09747423658958711,0.5379032258064516,0.13151838794771736
Transcript_CTD,bilstm,200,16,0.3,0.2,0,0.001,0.5514112903225806,0.0438479096188136,0.37107625739204686,0.07251533858521059,0.5113660180807889,0.057119591940366754,0.3722753364850551,0.07454763611082893,0.3906120023767083,0.0607945361745488,0.49840738806679125,0.05974293572739434,0.5514112903225806,0.0438479096188136
Transcript_CTD,bilstm,200,16,0.3,0.2,0,0.0005,0.557258064516129,0.0766935059868951,0.3751425287794789,0.07310761343585717,0.5238227104743634,0.09813268822096025,0.3865922592137426,0.07356236128688637,0.40032679738562094,0.06069918874950385,0.5380647994673241,0.0931688963696941,0.557258064516129,0.0766935059868951
Transcript_CTD,bilstm,200,16,0.3,0.2,64,0.001,0.5064516129032258,0.09655890030384366,0.3522306272433896,0.09861784950100036,0.4710737299442974,0.07710183513846249,0.42203032742887814,0.19620876875897564,0.3625371360665478,0.08583945865377572,0.5097694924938965,0.12331459605491125,0.5064516129032258,0.09655890030384366
Transcript_CTD,bilstm,200,16,0.3,0.2,64,0.0005,0.4161290322580645,0.14796574117651246,0.28530967421327197,0.08539750120455238,0.39493692059949026,0.13448222358473297,0.34767943409247754,0.054908307568049326,0.3054515745692217,0.07797103035881531,0.487985206705403,0.07971468990206497,0.4161290322580645,0.14796574117651246
Transcript_CTD,bilstm,200,64,0.3,0.0,0,0.001,0.5826612903225806,0.07060482719551868,0.39201260253891834,0.06521150022718529,0.5348425637899322,0.08120005775260834,0.41218977318977323,0.06245760481617658,0.41183897801544866,0.053331048150281536,0.5342746178552631,0.07195170798498651,0.5826612903225806,0.07060482719551868
Transcript_CTD,bilstm,200,64,0.3,0.0,0,0.0005,0.48125,0.1096366444603846,0.3365271068169619,0.10774430222307302,0.4488076315145039,0.11259109070455998,0.3612876952693886,0.111666225039722,0.359863339275104,0.10418212392053956,0.4759189415441723,0.11402097000063886,0.48125,0.1096366444603846
Transcript_CTD,bilstm,200,64,0.3,0.0,64,0.001,0.5002016129032258,0.028629032258064496,0.2950361503527934,0.05926048670897646,0.4308752270425197,0.06174284685617669,0.2709009768782065,0.07923207706743482,0.3399509803921569,0.03016509813296549,0.3933924970439095,0.09399710914953216,0.5002016129032258,0.028629032258064496
Transcript_CTD,bilstm,200,64,0.3,0.0,64,0.0005,0.5518145161290323,0.08292052191861159,0.34536766302671484,0.0879498862309852,0.4932665341282518,0.10652590027280853,0.34790080290080294,0.10250159581299151,0.3806149732620321,0.06794652210659895,0.48539230706569414,0.12447417111703994,0.5518145161290323,0.08292052191861159
Transcript_CTD,bilstm,200,64,0.3,0.1,0,0.001,0.5318548387096774,0.034976207164841046,0.3172132750611948,0.04154282112232067,0.45929157624950656,0.0461590781762294,0.33361552028218694,0.025890472345340174,0.3584224598930481,0.03158793558606483,0.46110916431984983,0.03182215999215773,0.5318548387096774,0.034976207164841046
Transcript_CTD,bilstm,200,64,0.3,0.1,0,0.0005,0.5564516129032258,0.1411635902389746,0.4198565197396735,0.14995923984072343,0.5232057776688356,0.1487735705722656,0.45158312447786136,0.14312112972487176,0.43859922756981573,0.12861224206602062,0.5497487165494381,0.12766141224554453,0.5564516129032258,0.1411635902389746
Transcript_CTD,bilstm,200,64,0.3,0.1,64,0.001,0.5256048387096774,0.07466648878410256,0.33884334847399145,0.10765353986379161,0.4646874065728044,0.09130447993924823,0.36677211547386984,0.12226629681375727,0.3868241235888295,0.11803576068794694,0.48912666522938164,0.12423170020029266,0.5256048387096774,0.07466648878410256
Transcript_CTD,bilstm,200,64,0.3,0.1,64,0.0005,0.53125,0.08627995867819437,0.3271139908302499,0.04896914838490047,0.4562157103160853,0.07803501984702764,0.3749147227041964,0.06198733464856509,0.3776440879382056,0.03595389151285407,0.49542442411860915,0.07822752380165623,0.53125,0.08627995867819437
Transcript_CTD,bilstm,200,64,0.3,0.2,0,0.001,0.5574596774193548,0.027303479060048725,0.3848667413551134,0.06872712816703232,0.49613639212542066,0.05533290768057917,0.39990959594540154,0.07123186004735847,0.43432857991681517,0.07089045981057969,0.5069820507229755,0.08641821571376625,0.5574596774193548,0.027303479060048725
Transcript_CTD,bilstm,200,64,0.3,0.2,0,0.0005,0.5695564516129032,0.08624226126135252,0.4075142103625075,0.1281286385359485,0.5157630576282579,0.10764508100484263,0.4502439299830604,0.17969521529444996,0.43066696375519903,0.10380357658453508,0.5414481665482718,0.15688492522429515,0.5695564516129032,0.08624226126135252
Transcript_CTD,bilstm,200,64,0.3,0.2,64,0.001,0.5316532258064516,0.062270650992470075,0.35760195220940616,0.07476480623070791,0.48613746781433476,0.07039138675352609,0.3750685260158944,0.10289221316506451,0.38088978015448605,0.07159214386699454,0.49233901078171033,0.09297929720833638,0.5316532258064516,0.062270650992470075
Transcript_CTD,bilstm,200,64,0.3,0.2,64,0.0005,0.5189516129032258,0.032348663096986405,0.3368329267190747,0.07530489747537998,0.4629844073070529,0.06879266829631459,0.3508216619981326,0.058022615081305344,0.37432412358882944,0.06072820619852139,0.4704070660522273,0.06230067827109076,0.5189516129032258,0.032348663096986405
Transcript_CTD,bilstm,200,128,0.3,0.0,0,0.001,0.4556451612903226,0.1159160232827803,0.31231309626514825,0.09845518229615875,0.419293029083888,0.09291820237921988,0.37186578427957734,0.12335648354611417,0.33786393345216875,0.10587879296630841,0.4878878362321772,0.13145444891305594,0.4556451612903226,0.1159160232827803
Transcript_CTD,bilstm,200,128,0.3,0.0,0,0.0005,0.4877016129032258,0.05145041206000823,0.3036019968623803,0.024504349638477075,0.43092315492399347,0.010239898723052417,0.3253718177247589,0.0410617743607346,0.34690285204991084,0.012123082433209906,0.4469523585996546,0.046933762023322695,0.4877016129032258,0.05145041206000823
Transcript_CTD,bilstm,200,128,0.3,0.0,64,0.001,0.5381048387096774,0.07136185471253173,0.37918812624694975,0.10098473904845646,0.49017829456159634,0.056004299899063685,0.42286645077949425,0.1741189486667869,0.4031120023767082,0.10932555752396991,0.5259943984642442,0.13302016436455802,0.5381048387096774,0.07136185471253173
Transcript_CTD,bilstm,200,128,0.3,0.0,64,0.0005,0.5508064516129032,0.08111155458503327,0.3865553804507293,0.06930467028078793,0.4949113835235366,0.1115395325743309,0.40354230712926364,0.08181241411520887,0.4330213903743315,0.05051487203967325,0.5093353237848329,0.12122606645206113,0.5508064516129032,0.08111155458503327
Transcript_CTD,bilstm,200,128,0.3,0.1,0,0.001,0.5,0.06610935978038451,0.3693290909957576,0.07507308448820789,0.47932146432146433,0.06299909898703263,0.3753872053872054,0.08588303606440559,0.39133244206773615,0.08152253053634649,0.4876795169436298,0.07272917861048701,0.5,0.06610935978038451
Transcript_CTD,bilstm,200,128,0.3,0.1,0,0.0005,0.538508064516129,0.02419690836883469,0.33458606127002605,0.10107741108753872,0.4513873932758795,0.07035997308490438,0.32983660130718956,0.14293923390319874,0.38825014854426615,0.07204490860086586,0.4260843611638204,0.11945214694433473,0.538508064516129,0.02419690836883469
Transcript_CTD,bilstm,200,128,0.3,0.1,64,0.001,0.4868951612903226,0.032621441242227225,0.2744279796810577,0.06245997272003453,0.4084804512608339,0.06823355321558891,0.24377895887699813,0.0783608622308929,0.32442810457516336,0.03808136155425147,0.3602274771226384,0.0939119141565967,0.4868951612903226,0.032621441242227225
Transcript_CTD,bilstm,200,128,0.3,0.1,64,0.0005,0.5256048387096774,0.1143122048466351,0.3174496004758479,0.1480188888226066,0.423261138957342,0.16075802937412575,0.2983882301273606,0.19092078110880129,0.3852124183006536,0.10290161601083378,0.3820905698439009,0.19480059130894742,0.5256048387096774,0.1143122048466351
Transcript_CTD,bilstm,200,128,0.3,0.2,0,0.001,0.5125,0.0499804852656328,0.33815292775739025,0.0379826113287497,0.4607703875303087,0.03699481145115673,0.4141586808253475,0.08729158854404362,0.3946301247771836,0.05487154418988834,0.5538464149351247,0.10134428306732038,0.5125,0.0499804852656328
Transcript_CTD,bilstm,200,128,0.3,0.2,0,0.0005,0.5252016129032258,0.09612094710532433,0.36088360400122976,0.11094442754324323,0.46115196825045557,0.12210767271357961,0.34470573870573873,0.1248457692294006,0.41801099227569816,0.1060772442099154,0.44537460120524636,0.14113399205435298,0.5252016129032258,0.09612094710532433
Transcript_CTD,bilstm,200,128,0.3,0.2,64,0.001,0.5068548387096774,0.08227782811279971,0.3372394367516319,0.11477136550174864,0.43935045564864605,0.0857638088264121,0.3593310328962503,0.16959043274735625,0.377072192513369,0.108801943136059,0.44547403659921186,0.1402992062286631,0.5068548387096774,0.08227782811279971
Transcript_CTD,bilstm,200,128,0.3,0.2,64,0.0005,0.4995967741935484,0.08504528389143526,0.3251020466390078,0.13566250606359795,0.4346630578284933,0.11816521152789135,0.3090252987541317,0.16415580875579971,0.38529411764705884,0.1357063771204165,0.4171130969956448,0.1721758433456935,0.4995967741935484,0.08504528389143526
Transcript_SFT,lstm,100,16,0.3,0.0,0,0.001,0.49956989247311834,0.11788124522369323,0.3805712841752886,0.07030002563998257,0.4784101291362406,0.10677316167514833,0.4193419153945469,0.10602754118825355,0.40954545454545455,0.06560106434268868,0.5240447853096409,0.13392238033774584,0.49956989247311834,0.11788124522369323
Transcript_SFT,lstm,100,16,0.3,0.0,0,0.0005,0.4612903225806452,0.08140573249139399,0.3540949075366289,0.058399189951663634,0.4455955590214871,0.06503029189983588,0.3666230936819172,0.08134234648817219,0.37992424242424244,0.05994004844178347,0.46434226515630694,0.0834486316688985,0.4612903225806452,0.08140573249139399
Transcript_SFT,lstm,100,16,0.3,0.0,64,0.001,0.42064516129032253,0.1036759896679187,0.3275478339526705,0.12666025004918657,0.34454209586343665,0.1281664633119572,0.31056437389770725,0.16848298206716553,0.3894444444444444,0.08191977574553135,0.31353131933777095,0.15558026013942014,0.42064516129032253,0.1036759896679187
Transcript_SFT,lstm,100,16,0.3,0.0,64,0.0005,0.4204301075268817,0.10229418309924435,0.26161027672655585,0.08156071070827463,0.32144172647998603,0.14707208444476919,0.22826676907322066,0.10236097244661427,0.34464646464646465,0.031414953381951806,0.27996622235435964,0.16500352532379955,0.4204301075268817,0.10229418309924435
Transcript_SFT,lstm,100,16,0.3,0.1,0,0.001,0.4662365591397849,0.11298941922372734,0.3386485749927909,0.08515120935520422,0.42644413846748375,0.10654869886949703,0.38467243867243867,0.13578831072461164,0.3716161616161616,0.08570542637542175,0.4843024717218266,0.14894172993326074,0.4662365591397849,0.11298941922372734
Transcript_SFT,lstm,100,16,0.3,0.1,0,0.0005,0.5,0.11800162847133475,0.35395049076541185,0.07531633500032711,0.4636348111759784,0.0956729581703794,0.3927400703871292,0.11448703849923504,0.368989898989899,0.089823257171089,0.49392436897560243,0.12109026467066764,0.5,0.11800162847133475
Transcript_SFT,lstm,100,16,0.3,0.1,64,0.001,0.4393548387096774,0.15892982371400538,0.35258202966642865,0.13501123560876283,0.42304362779158594,0.15160797805360185,0.3911651529298588,0.1689890171310938,0.36618686868686867,0.10783642601664457,0.439157829309632,0.13361054394947294,0.4393548387096774,0.15892982371400538
Transcript_SFT,lstm,100,16,0.3,0.1,64,0.0005,0.4608602150537635,0.09133989307305594,0.3160826497270806,0.07152428050395107,0.4074083201733535,0.08385151928746706,0.31469587176108915,0.09463145913990106,0.3503535353535353,0.06578442290473087,0.39726125207191126,0.1056720085380766,0.4608602150537635,0.09133989307305594
Transcript_SFT,lstm,100,16,0.3,0.2,0,0.001,0.4070967741935484,0.08882163023677754,0.2520013802622499,0.06739950480884706,0.35632334934908977,0.1001067688192602,0.25358593365839743,0.0898905940845956,0.286969696969697,0.052105659432771664,0.35229441990662186,0.12380746662887976,0.4070967741935484,0.08882163023677754
Transcript_SFT,lstm,100,16,0.3,0.2,0,0.0005,0.447741935483871,0.06375392048457434,0.3547805811497495,0.07904795579886989,0.4129787233711856,0.04406317271591108,0.37061301525832413,0.12061307911905415,0.39446969696969697,0.0717818921228115,0.4420387169239314,0.09866108704378498,0.447741935483871,0.06375392048457434
Transcript_SFT,lstm,100,16,0.3,0.2,64,0.001,0.44666666666666666,0.0755252161376098,0.3419348926550434,0.07411779976802431,0.41339338054587793,0.06480491528380389,0.3528355187485622,0.07577027251278294,0.36553030303030304,0.08187988694504937,0.41882317059596164,0.08246246523442852,0.44666666666666666,0.0755252161376098
Transcript_SFT,lstm,100,16,0.3,0.2,64,0.0005,0.4070967741935484,0.11250950294520559,0.3112298433649987,0.10701176058954265,0.3622081936347288,0.1356348625805586,0.3225411689759516,0.12793186534219805,0.36388888888888893,0.08652209457536965,0.3875548037750001,0.16768548764053398,0.4070967741935484,0.11250950294520559
Transcript_SFT,lstm,100,64,0.3,0.0,0,0.001,0.4412903225806451,0.10569974512638444,0.30605473432298563,0.07030195774157583,0.3808938407631107,0.06159890045468217,0.42095526171751213,0.11593063704093572,0.37550505050505045,0.03576911230321069,0.5139165581733347,0.13295185879401145,0.4412903225806451,0.10569974512638444
Transcript_SFT,lstm,100,64,0.3,0.0,0,0.0005,0.3490322580645161,0.12829466603076642,0.24455550982376106,0.042400051794637766,0.31440729364956865,0.09046395602450628,0.2898989898989899,0.0685947094153741,0.3190151515151515,0.016349055107181668,0.3870042359074617,0.0759700212155379,0.3490322580645161,0.12829466603076642
Transcript_SFT,lstm,100,64,0.3,0.0,64,0.001,0.4533333333333333,0.0725231951046576,0.292495851481464,0.03917718274543328,0.37020444157692567,0.04744658510410138,0.28380545380545386,0.04410424826182942,0.36598484848484847,0.05258104554278479,0.3507711344808119,0.05820261169453801,0.4533333333333333,0.0725231951046576
Transcript_SFT,lstm,100,64,0.3,0.0,64,0.0005,0.4339784946236559,0.10281414330411905,0.3072690568153363,0.0841534460315432,0.38691282497336,0.07519898168248178,0.38850408907684447,0.16456822563787277,0.3473989898989899,0.09517681792720264,0.484713538871883,0.1588417799261607,0.4339784946236559,0.10281414330411905
Transcript_SFT,lstm,100,64,0.3,0.1,0,0.001,0.5249462365591399,0.10712052247815357,0.3620707903634733,0.08101907104790489,0.47763623241199954,0.0908040925591034,0.3924652014652015,0.09899540841782763,0.3954040404040403,0.08256029571363975,0.5039125014770176,0.10319713332624071,0.5249462365591399,0.10712052247815357
Transcript_SFT,lstm,100,64,0.3,0.1,0,0.0005,0.45290322580645165,0.10446257311862685,0.28950061321875414,0.07342620452301651,0.39904718385116894,0.09796804024355703,0.3098469145304551,0.11883406043985105,0.3496212121212121,0.042328234317855706,0.427048009700323,0.14322009900973204,0.45290322580645165,0.10446257311862685
Transcript_SFT,lstm,100,64,0.3,0.1,64,0.001,0.41311827956989244,0.1646494645565208,0.2614918609655451,0.12505066989772934,0.34241098837024136,0.1759169971182182,0.2788207471540805,0.16652083705638648,0.3511111111111111,0.06835478434762177,0.3587591428881752,0.21080890206702865,0.41311827956989244,0.1646494645565208
Transcript_SFT,lstm,100,64,0.3,0.1,64,0.0005,0.47892473118279566,0.12083763612610057,0.3619165136726789,0.07106802245732687,0.46159554004652625,0.08485211973291583,0.44298411860196757,0.06532514579512616,0.3651010101010101,0.09054196352218799,0.5468332312151977,0.10050186050143213,0.47892473118279566,0.12083763612610057
Transcript_SFT,lstm,100,64,0.3,0.2,0,0.001,0.48602150537634403,0.09214495409741395,0.33594032431515564,0.08384107404879575,0.42923955652278867,0.06610280056789164,0.3657231040564374,0.09773531994902283,0.36540404040404034,0.07914880261773287,0.4449784377311259,0.08488129503001113,0.48602150537634403,0.09214495409741395
Transcript_SFT,lstm,100,64,0.3,0.2,0,0.0005,0.47440860215053765,0.08248482343931383,0.3447854219710197,0.09353642674514526,0.44045104906136423,0.08052108631103162,0.3931746031746032,0.10233061393221983,0.3784090909090909,0.06970790245098403,0.48948079877112133,0.09155712318575077,0.47440860215053765,0.08248482343931383
Transcript_SFT,lstm,100,64,0.3,0.2,64,0.001,0.4877419354838709,0.06307567575363013,0.3589244698740822,0.11581629875993683,0.4404087175894502,0.12844306660224147,0.3518224943936519,0.1344236427384598,0.4048989898989898,0.07635744824213818,0.438549542681513,0.16447040003749866,0.4877419354838709,0.06307567575363013
Transcript_SFT,lstm,100,64,0.3,0.2,64,0.0005,0.39462365591397847,0.062105501411585606,0.23547713585657282,0.04735249655630722,0.3274034390902555,0.08379905811608952,0.22528780761599831,0.0788586823395154,0.28373737373737373,0.043824257021882855,0.3068849690276646,0.11518686256371326,0.39462365591397847,0.062105501411585606
Transcript_SFT,lstm,100,128,0.3,0.0,0,0.001,0.4058064516129032,0.13806652596265995,0.26967644836081334,0.10986443422435094,0.34913084931861854,0.1145909205083918,0.2876943164362519,0.1437832418136839,0.3101515151515152,0.10934572629225979,0.37280850635085805,0.14088116192212724,0.4058064516129032,0.13806652596265995
Transcript_SFT,lstm,100,128,0.3,0.0,0,0.0005,0.45354838709677414,0.06791886776138283,0.27349308088438523,0.06535404169261652,0.3596516518704457,0.04139706850188613,0.2804556453830501,0.12665968339454153,0.3346212121212121,0.05515612840068676,0.32686433446342117,0.06532892004003302,0.45354838709677414,0.06791886776138283
Transcript_SFT,lstm,100,128,0.3,0.0,64,0.001,0.4533333333333333,0.07134665867933655,0.31091514654642344,0.04526958560579709,0.3767224432215407,0.08315722098732585,0.37399267399267394,0.0730209875659383,0.3665656565656566,0.030182779080886624,0.4569652605459057,0.152506553301295,0.4533333333333333,0.07134665867933655
Transcript_SFT,lstm,100,128,0.3,0.0,64,0.0005,0.4726881720430107,0.0664289901290401,0.32928003869180344,0.10327674427211053,0.41273492143321366,0.0821692979377297,0.40892687559354224,0.1618325911224158,0.3729545454545454,0.06254099767483938,0.47871374742342476,0.10130598630297082,0.4726881720430107,0.0664289901290401
Transcript_SFT,lstm,100,128,0.3,0.1,0,0.001,0.5120430107526881,0.08221806603601912,0.3792563623822173,0.10804512561411836,0.47137164344657395,0.08271691529005515,0.4458284600389863,0.13053486341023451,0.403510101010101,0.11939134895239684,0.5137880902974282,0.09296343202936112,0.5120430107526881,0.08221806603601912
Transcript_SFT,lstm,100,128,0.3,0.1,0,0.0005,0.4941935483870967,0.0731011997761854,0.383449519200608,0.06536313357902711,0.4586130899708909,0.04342137350792751,0.41419311047457497,0.08655501450527846,0.4059090909090909,0.05324400184313929,0.4811992123998472,0.03997881069911788,0.4941935483870967,0.0731011997761854
Transcript_SFT,lstm,100,128,0.3,0.1,64,0.001,0.5053763440860214,0.09421220417207773,0.39251152049666876,0.11590084849450212,0.46922347765755684,0.107929174978388,0.45673400673400677,0.18860860694673415,0.410479797979798,0.08629324025639294,0.5148763064892098,0.12396598459474799,0.5053763440860214,0.09421220417207773
Transcript_SFT,lstm,100,128,0.3,0.1,64,0.0005,0.4662365591397849,0.1691074827824976,0.29168629458952045,0.11251798036202017,0.39292587937749224,0.1713594384502968,0.36333333333333334,0.10411706301942723,0.3883333333333333,0.0476419257211519,0.5161597542242703,0.14198801029320884,0.4662365591397849,0.1691074827824976
Transcript_SFT,lstm,100,128,0.3,0.2,0,0.001,0.512258064516129,0.06671728913958717,0.30793168558251993,0.06257683095812154,0.44067916907400945,0.07824594995342284,0.31968740031897924,0.08428628166121883,0.3495707070707071,0.05299780148793759,0.4386836788942052,0.10428452435757689,0.512258064516129,0.06671728913958717
Transcript_SFT,lstm,100,128,0.3,0.2,0,0.0005,0.4664516129032258,0.10684601640728869,0.32087618452974315,0.11661571459891204,0.4159790212227068,0.10264820664330426,0.35554334554334555,0.15425566246673464,0.3526767676767677,0.10665864940600432,0.44093056047894763,0.13394951163306792,0.4664516129032258,0.10684601640728869
Transcript_SFT,lstm,100,128,0.3,0.2,64,0.001,0.45290322580645165,0.09816067724429481,0.27060418687139587,0.07292912386834283,0.3796330626008853,0.0851157504070476,0.2787187364606719,0.12012997758161714,0.3187878787878788,0.06598801343076731,0.3784121457222393,0.12882992651475292,0.45290322580645165,0.09816067724429481
Transcript_SFT,lstm,100,128,0.3,0.2,64,0.0005,0.41913978494623655,0.15530455609898727,0.3007832615727352,0.09387532902390305,0.37985638206351274,0.13167892910901485,0.36550214791594104,0.07769705870201904,0.35664141414141415,0.07300249550923905,0.4662236860902045,0.10022353116397988,0.41913978494623655,0.15530455609898727
Transcript_SFT,lstm,200,16,0.3,0.0,0,0.001,0.4795698924731182,0.05417903884958479,0.3635651070569792,0.10905005945216907,0.4437436506938722,0.07425385045670711,0.4002200435729848,0.18972409229688614,0.3934848484848485,0.10209885456986836,0.46225599128540307,0.13338679764027933,0.4795698924731182,0.05417903884958479
Transcript_SFT,lstm,200,16,0.3,0.0,0,0.0005,0.4410752688172043,0.029646235759639917,0.26324919835797556,0.04902751581852158,0.36533783373872425,0.024764833260379652,0.24980042699340946,0.08083412328752854,0.3110606060606061,0.03477132432635595,0.3364747292364723,0.06049276377506983,0.4410752688172043,0.029646235759639917
Transcript_SFT,lstm,200,16,0.3,0.0,64,0.001,0.4724731182795699,0.08239562606887997,0.3078640573484174,0.05470608179993423,0.4146793042538917,0.093392220455005,0.35075668159001494,0.062107303113187545,0.35777777777777775,0.04033908920825072,0.46815948945518837,0.07708207352580837,0.4724731182795699,0.08239562606887997
Transcript_SFT,lstm,200,16,0.3,0.0,64,0.0005,0.4595698924731183,0.10644314075116629,0.35929499149679195,0.04920517288149474,0.41077688361484316,0.0785897372964684,0.40115199615199615,0.09129584752317634,0.4076515151515151,0.06370810250080147,0.45594956477214543,0.10198700054327375,0.4595698924731183,0.10644314075116629
Transcript_SFT,lstm,200,16,0.3,0.1,0,0.001,0.5193548387096774,0.037717266698311845,0.31841880341880346,0.05981278227729573,0.4547529783930463,0.07617337763062701,0.31659608507434595,0.08706738994539316,0.35712121212121206,0.02902234836152849,0.43987504781333675,0.11138978187521117,0.5193548387096774,0.037717266698311845
Transcript_SFT,lstm,200,16,0.3,0.1,0,0.0005,0.4849462365591398,0.12239941328223307,0.37808488286856956,0.11501843972135853,0.45324658889237784,0.12334385752008141,0.4551790081263765,0.10271403489739267,0.40911616161616154,0.10192735048584145,0.5657336915112807,0.10614580953757617,0.4849462365591398,0.12239941328223307
Transcript_SFT,lstm,200,16,0.3,0.1,64,0.001,0.3941935483870968,0.08606074373896165,0.2689214941679198,0.02748676930161893,0.3310444113398561,0.06155735491678118,0.2742470492470492,0.04244218119707902,0.32381313131313133,0.05957785206850121,0.3396347171347171,0.0944605177866182,0.3941935483870968,0.08606074373896165
Transcript_SFT,lstm,200,16,0.3,0.1,64,0.0005,0.4070967741935484,0.08941582743227462,0.2640906804319368,0.07323985445252046,0.3304957469431154,0.12124115381866475,0.23347135955831608,0.08631273565312757,0.35217171717171714,0.06245197113872655,0.29902117144192875,0.13670210931316187,0.4070967741935484,0.08941582743227462
Transcript_SFT,lstm,200,16,0.3,0.2,0,0.001,0.41311827956989244,0.1032714952651725,0.2964089769302992,0.11523385923237249,0.38540502473215754,0.12505330572229983,0.30313131313131314,0.11924942971391166,0.3228535353535354,0.10538033400216917,0.40039882697947216,0.13516327106157752,0.41311827956989244,0.1032714952651725
Transcript_SFT,lstm,200,16,0.3,0.2,0,0.0005,0.4877419354838709,0.08151814238832819,0.38121512145294095,0.08113635000425866,0.4676047891304781,0.08770901028037419,0.4048752228163992,0.11054491608395291,0.3975252525252525,0.06931616250669555,0.4927998677476856,0.11749768650944548,0.4877419354838709,0.08151814238832819
Transcript_SFT,lstm,200,16,0.3,0.2,64,0.001,0.3683870967741935,0.1613528194330633,0.28416603923199696,0.0991837781923537,0.3185587971874929,0.13134024678815012,0.39653823953823947,0.18091132672455068,0.3665909090909091,0.06432981556712974,0.46782272029046224,0.2115018916637837,0.3683870967741935,0.1613528194330633
Transcript_SFT,lstm,200,16,0.3,0.2,64,0.0005,0.45978494623655913,0.1075625747211064,0.3442604461903763,0.1343918045184419,0.4189782458897904,0.11942829578345912,0.43282726045883935,0.17850979465058966,0.4052777777777778,0.08536595152057021,0.5046516985184217,0.14373790053223373,0.45978494623655913,0.1075625747211064
Transcript_SFT,lstm,200,64,0.3,0.0,0,0.001,0.4666666666666666,0.04338013428299239,0.31799899446958274,0.07431207310489825,0.42342501500186513,0.06329434412658637,0.3164265548929796,0.09128360424130501,0.35424242424242425,0.06612216419551142,0.4190294186523037,0.09755896068167193,0.4666666666666666,0.04338013428299239
Transcript_SFT,lstm,200,64,0.3,0.0,0,0.0005,0.3670967741935484,0.11818686494071082,0.2905496152338258,0.07944619706223684,0.34426867638701253,0.10509567351887424,0.32463389527967534,0.057969307530488796,0.3637373737373737,0.07311634843262906,0.41326830118336594,0.07364905835603408,0.3670967741935484,0.11818686494071082
Transcript_SFT,lstm,200,64,0.3,0.0,64,0.001,0.3490322580645161,0.07830319860800189,0.22911087655520318,0.035946126982032624,0.2904020906148639,0.0784686749876158,0.25383116883116885,0.06139880591386826,0.2873737373737374,0.0327552606662837,0.3338709677419355,0.10165798345867104,0.3490322580645161,0.07830319860800189
Transcript_SFT,lstm,200,64,0.3,0.0,64,0.0005,0.4724731182795699,0.15797100591462163,0.3551385117174591,0.09848383053984315,0.42177447270656093,0.14808737385933005,0.4042287244918824,0.09333207465397798,0.4211868686868687,0.028507674069788637,0.4781343841972026,0.11638697952013745,0.4724731182795699,0.15797100591462163
Transcript_SFT,lstm,200,64,0.3,0.1,0,0.001,0.49913978494623656,0.07594900042012893,0.378440955991662,0.040634315713706945,0.46934484216902544,0.04077353263033773,0.3929895225547399,0.04178843298719223,0.4048232323232323,0.04569216789246927,0.4856179992673681,0.029877327277240264,0.49913978494623656,0.07594900042012893
Transcript_SFT,lstm,200,64,0.3,0.1,0,0.0005,0.49376344086021506,0.06395237562088393,0.37364397327245624,0.09210251237517435,0.4493784887726763,0.0656689977061765,0.40762276370972017,0.10332476695115135,0.41840909090909084,0.0891434314591319,0.5057996188010213,0.11081538839156974,0.49376344086021506,0.06395237562088393
Transcript_SFT,lstm,200,64,0.3,0.1,64,0.001,0.4470967741935484,0.08095681715270406,0.3102193697446535,0.0630224197698685,0.4008816996852551,0.07178458678377353,0.3424245912907465,0.0821947017320564,0.3380808080808081,0.06281418327291086,0.42977641168549513,0.07878084579100435,0.4470967741935484,0.08095681715270406
Transcript_SFT,lstm,200,64,0.3,0.1,64,0.0005,0.47913978494623655,0.077097898943521,0.3267497426740046,0.046152997358521804,0.4449889550346712,0.06511527150299753,0.3430259531129096,0.07144453696499156,0.3521969696969697,0.04440048905385629,0.46004523698212346,0.09236227606393019,0.47913978494623655,0.077097898943521
Transcript_SFT,lstm,200,64,0.3,0.2,0,0.001,0.5193548387096774,0.052496909818816155,0.33033736544496944,0.05281613198684906,0.4375486585501859,0.055700037997332384,0.3805003885003885,0.10232328413900493,0.3826767676767676,0.04924031334506899,0.4788244730180214,0.13179996496365154,0.5193548387096774,0.052496909818816155
Transcript_SFT,lstm,200,64,0.3,0.2,0,0.0005,0.3608602150537634,0.1078245342603486,0.2485535411503848,0.056629458066354034,0.3287981637077023,0.08934419685706554,0.2838191982309629,0.10063422669074175,0.30578282828282827,0.046848600276013064,0.3810538400386598,0.1301065597962528,0.3608602150537634,0.1078245342603486
Transcript_SFT,lstm,200,64,0.3,0.2,64,0.001,0.47913978494623655,0.07149559315401181,0.29579614893116035,0.062080101501764996,0.42001362744110216,0.08261184200887481,0.33886325666920664,0.11828984568960073,0.33401515151515154,0.04524570430195356,0.46334848746073637,0.14456570950100156,0.47913978494623655,0.07149559315401181
Transcript_SFT,lstm,200,64,0.3,0.2,64,0.0005,0.40881720430107527,0.06646657450666824,0.30063775004951476,0.07049942926155559,0.35070900657428167,0.09644700351662645,0.3418544928889756,0.09341115492898112,0.37386363636363634,0.060567854118796886,0.43309790691325734,0.15587486627833388,0.40881720430107527,0.06646657450666824
Transcript_SFT,lstm,200,128,0.3,0.0,0,0.001,0.5060215053763442,0.06654028951198317,0.3276632463400725,0.05647403088198662,0.4164993781347059,0.08464250576674925,0.3625970819304153,0.09975729826718038,0.3848484848484849,0.04058953631314996,0.44401737808189423,0.11548927872922034,0.5060215053763442,0.06654028951198317
Transcript_SFT,lstm,200,128,0.3,0.0,0,0.0005,0.4135483870967742,0.11422088245848117,0.3122418090349002,0.08078558855328388,0.3917164263437867,0.08348078637640864,0.3554242443716128,0.06770307039361242,0.36292929292929293,0.09281457703195907,0.4573474111250002,0.06838228810369021,0.4135483870967742,0.11422088245848117
Transcript_SFT,lstm,200,128,0.3,0.0,64,0.001,0.43956989247311834,0.13113589854480953,0.3317229557633922,0.0768055405261363,0.42359104291018657,0.09999388520974009,0.3922907647907648,0.07123376440681209,0.3620707070707071,0.07066839671057712,0.5042816994833124,0.08297631173733354,0.43956989247311834,0.13113589854480953
Transcript_SFT,lstm,200,128,0.3,0.0,64,0.0005,0.3741935483870968,0.12927038958084752,0.27179335902384905,0.05738846271904666,0.31782304990964905,0.11543875014256642,0.29968934416196075,0.11940020736262184,0.3836111111111111,0.04536272994018056,0.36456135955596136,0.17169462504420258,0.3741935483870968,0.12927038958084752
Transcript_SFT,lstm,200,128,0.3,0.1,0,0.001,0.4666666666666667,0.047643024536939305,0.34653554869241143,0.09688341191753083,0.4162273296783101,0.10105930986995192,0.3553651903651903,0.12010678254973947,0.39904040404040403,0.08470468664964317,0.4365401909918039,0.14406508747241997,0.4666666666666667,0.047643024536939305
Transcript_SFT,lstm,200,128,0.3,0.1,0,0.0005,0.5131182795698924,0.052038567303421386,0.3549058140072261,0.08146440744264083,0.4192922810254377,0.06031938012921461,0.40922705314009666,0.182404251272828,0.42934343434343436,0.08064205640418531,0.4500448807854137,0.16633463137116558,0.5131182795698924,0.052038567303421386
Transcript_SFT,lstm,200,128,0.3,0.1,64,0.001,0.5055913978494624,0.06922727286357674,0.3370912375790424,0.09510646475501065,0.4357341425948822,0.07349815784803981,0.4025753486279802,0.18603239274306224,0.3748989898989899,0.07673204914893936,0.4707575856514737,0.15633761535388693,0.5055913978494624,0.06922727286357674
Transcript_SFT,lstm,200,128,0.3,0.1,64,0.0005,0.46688172043010756,0.02751007551474818,0.2711134301718533,0.04508283512948304,0.38308958297540807,0.03399906900839954,0.26435923141186296,0.07319574212265999,0.32901515151515154,0.03370303096904427,0.36411444740884474,0.07912338760268078,0.46688172043010756,0.02751007551474818
Transcript_SFT,lstm,200,128,0.3,0.2,0,0.001,0.3868817204301075,0.08788939748519738,0.2919234405970236,0.08774134104131417,0.3563219295561352,0.11453640730386942,0.278697825222593,0.092986039637028,0.334520202020202,0.0834118699402788,0.3520564244836691,0.12596999486915444,0.3868817204301075,0.08788939748519738
Transcript_SFT,lstm,200,128,0.3,0.2,0,0.0005,0.42752688172043013,0.060668797346261814,0.2915597088171266,0.02832344273532578,0.3917986481972306,0.02753119929437998,0.3175535205535206,0.047585090223434455,0.31825757575757574,0.022605820265735675,0.42799915317657256,0.07887729623591741,0.42752688172043013,0.060668797346261814
Transcript_SFT,lstm,200,128,0.3,0.2,64,0.001,0.4731182795698925,0.07614239600827459,0.3071964505029021,0.043570293287823594,0.4314786975270846,0.06812222276695885,0.3550325249463181,0.10208655849180856,0.3318686868686869,0.04059649555669235,0.4780131994442339,0.12990448025293627,0.4731182795698925,0.07614239600827459
Transcript_SFT,lstm,200,128,0.3,0.2,64,0.0005,0.45376344086021503,0.061390222300864904,0.33321251446605954,0.05531467291169158,0.39219620325433363,0.08191400935545622,0.3597318007662835,0.06779340270268248,0.3855808080808081,0.04689322546412371,0.41908639228772715,0.12192189724550699,0.45376344086021503,0.061390222300864904
Transcript_SFT,bilstm,100,16,0.3,0.0,0,0.001,0.5662365591397849,0.10811366773928584,0.38114007255434035,0.15505999841571383,0.4982177758003992,0.14145512768614119,0.4093936515009121,0.1760473051853485,0.4273737373737374,0.1353646158588334,0.5227546473565615,0.18780047847915932,0.5662365591397849,0.10811366773928584
Transcript_SFT,bilstm,100,16,0.3,0.0,0,0.0005,0.45354838709677414,0.1061729817160626,0.34328276938375113,0.11625385800439406,0.40662402581056156,0.11687991565891533,0.3467332546680373,0.12266453574050157,0.41424242424242425,0.10750790409981159,0.437122573974257,0.1184734733895446,0.45354838709677414,0.1061729817160626
Transcript_SFT,bilstm,100,16,0.3,0.0,64,0.001,0.45892473118279575,0.16807026042921633,0.36808791247387734,0.1390330185966938,0.42695863095693315,0.1676147397043167,0.4332135851266286,0.1617151924935472,0.4380050505050505,0.1077875872392593,0.5176139260770397,0.18982404700103367,0.45892473118279575,0.16807026042921633
Transcript_SFT,bilstm,100,16,0.3,0.0,64,0.0005,0.5518279569892474,0.059123751492265224,0.41293242817760606,0.07071193488425564,0.5090639606538245,0.06547637585049153,0.5375706269039603,0.057783676156435204,0.4342171717171717,0.06185662632395669,0.6391306924855312,0.07376399013179218,0.5518279569892474,0.059123751492265224
Transcript_SFT,bilstm,100,16,0.3,0.1,0,0.001,0.44688172043010754,0.08467385211806788,0.3733103483010104,0.08373391045206195,0.42537921590765393,0.09019049474277092,0.44670461289656327,0.1600985711361761,0.40613636363636363,0.06596100745624178,0.4891848260265318,0.13444511760754366,0.44688172043010754,0.08467385211806788
Transcript_SFT,bilstm,100,16,0.3,0.1,0,0.0005,0.46043010752688174,0.045449159331502925,0.3238611829633502,0.05508529577999807,0.4306207579497303,0.059401499452741,0.3281285579458954,0.08092437222959303,0.3704545454545455,0.05386778576316483,0.4395763737909948,0.09236653535327358,0.46043010752688174,0.045449159331502925
Transcript_SFT,bilstm,100,16,0.3,0.1,64,0.001,0.5320430107526881,0.0755796959387966,0.38824383243443367,0.09259004253101102,0.4767952154311036,0.08893958280174648,0.47594564694564695,0.1243543808267166,0.437449494949495,0.056167179616887504,0.5665031885677048,0.11928358361344049,0.5320430107526881,0.0755796959387966
Transcript_SFT,bilstm,100,16,0.3,0.1,64,0.0005,0.4931182795698925,0.08449615348494793,0.3787881035115971,0.07693435328484817,0.4917862469909725,0.07096789064491274,0.4057986844970288,0.08213471076243782,0.3771212121212121,0.0796619877521469,0.5206027875851237,0.07532319797748661,0.4931182795698925,0.08449615348494793
Transcript_SFT,bilstm,100,16,0.3,0.2,0,0.001,0.44666666666666666,0.0755252161376098,0.3296585805357735,0.09138301709476966,0.4304439269464736,0.08790017483026916,0.35144300144300145,0.11267485291391449,0.36444444444444446,0.11019637816663846,0.4714725596983662,0.12855739123493262,0.44666666666666666,0.0755252161376098
Transcript_SFT,bilstm,100,16,0.3,0.2,0,0.0005,0.4408602150537635,0.061863010166204414,0.3496017265563635,0.028931259845908813,0.4297877698747185,0.0500736111430883,0.3652092352092352,0.02670778549311979,0.36787878787878786,0.04767771731206277,0.44945412651864264,0.08230018381375635,0.4408602150537635,0.061863010166204414
Transcript_SFT,bilstm,100,16,0.3,0.2,64,0.001,0.49397849462365595,0.10751741893845798,0.4211063011063011,0.06769668267910701,0.479480193641484,0.09972885323494722,0.4894681147312726,0.10650641976893502,0.4824242424242424,0.04020479598051347,0.5788693058811905,0.09220835905813443,0.49397849462365595,0.10751741893845798
Transcript_SFT,bilstm,100,16,0.3,0.2,64,0.0005,0.46645161290322584,0.05457622189046865,0.2777404295051354,0.044973405617317545,0.3889059365681756,0.05405578838274784,0.25929724596391257,0.06510292837422167,0.33090909090909093,0.05570122088024866,0.35734675121771897,0.08595722790310323,0.46645161290322584,0.05457622189046865
Transcript_SFT,bilstm,100,64,0.3,0.0,0,0.001,0.5064516129032258,0.07642128460944228,0.33730694710821185,0.11506395291987603,0.44206116552848884,0.1008454302169496,0.32540390314583856,0.14206002173080517,0.3755050505050505,0.09407180848976729,0.4142204306272984,0.1340428204618037,0.5064516129032258,0.07642128460944228
Transcript_SFT,bilstm,100,64,0.3,0.0,0,0.0005,0.46731182795698933,0.04446779361231938,0.3416175552697385,0.03699687254788568,0.4306401305560571,0.048717924047897404,0.3712044208514797,0.14764068012890094,0.4111111111111111,0.07237697096401541,0.4816355721023653,0.19647490080468352,0.46731182795698933,0.04446779361231938
Transcript_SFT,bilstm,100,64,0.3,0.0,64,0.001,0.4451612903225806,0.1765629378921695,0.3178698327095411,0.09993316806268586,0.417417013438086,0.16142084201105608,0.3445966070966071,0.09149319225162172,0.3517424242424242,0.08044213223876188,0.44512212906567744,0.14316782327390395,0.4451612903225806,0.1765629378921695
Transcript_SFT,bilstm,100,64,0.3,0.0,64,0.0005,0.4864516129032258,0.03805054114398958,0.3141800791800792,0.06868407060771294,0.40271024316185605,0.021846770840231306,0.29756153669197144,0.07969807128281589,0.3937878787878788,0.12525523376022307,0.3823452399504293,0.06527821933093066,0.4864516129032258,0.03805054114398958
Transcript_SFT,bilstm,100,64,0.3,0.1,0,0.001,0.4995698924731182,0.05978958750453383,0.33833307272935753,0.11819122979922024,0.4279175136295879,0.09613388861380803,0.3385144776602578,0.19163333747568395,0.3813131313131313,0.08200778473702193,0.3913400218936066,0.13103904569391073,0.4995698924731182,0.05978958750453383
Transcript_SFT,bilstm,100,64,0.3,0.1,0,0.0005,0.5255913978494624,0.09160230137049961,0.3904269861047355,0.1268502799199718,0.4862733568991303,0.11878930805450086,0.3751996151996152,0.13870835172780632,0.4348989898989899,0.1293602008940518,0.4720928796412667,0.14914634849256592,0.5255913978494624,0.09160230137049961
Transcript_SFT,bilstm,100,64,0.3,0.1,64,0.001,0.5187096774193549,0.08531050249559201,0.35696576949444564,0.026973739017307756,0.4900882859370582,0.0580950185654194,0.3974371980676329,0.05790819456050325,0.37113636363636365,0.0434153705331506,0.5288737672254503,0.0868437336095073,0.5187096774193549,0.08531050249559201
Transcript_SFT,bilstm,100,64,0.3,0.1,64,0.0005,0.5189247311827957,0.05184357057456811,0.3701936358980835,0.061172482377334386,0.46330614689216076,0.059415340282725444,0.4620820225526108,0.09629977704912311,0.413459595959596,0.0625080139745272,0.5623330761585031,0.11511959709027965,0.5189247311827957,0.05184357057456811
Transcript_SFT,bilstm,100,64,0.3,0.2,0,0.001,0.5455913978494623,0.04767019699784055,0.38930778480778483,0.06626826949227417,0.48664542912284847,0.0576760776061497,0.3913649686700661,0.09484819234370936,0.4317676767676768,0.08709612433393608,0.4791786211349011,0.1029066115228907,0.5455913978494623,0.04767019699784055
Transcript_SFT,bilstm,100,64,0.3,0.2,0,0.0005,0.4931182795698924,0.08449615348494793,0.39012968558620736,0.02776080557866583,0.4723434171197846,0.07274960215132896,0.40349918113076005,0.03421238921751783,0.4152272727272727,0.03157319101998676,0.49758801137239167,0.08812643229635662,0.4931182795698924,0.08449615348494793
Transcript_SFT,bilstm,100,64,0.3,0.2,64,0.001,0.5320430107526881,0.06227431214068667,0.41588440507980734,0.1048483588082786,0.5100406020050069,0.06937813013008645,0.4496581732108048,0.16497552371585686,0.437550505050505,0.10106909893188001,0.5252878612301364,0.09069781683935087,0.5320430107526881,0.06227431214068667
Transcript_SFT,bilstm,100,64,0.3,0.2,64,0.0005,0.5060215053763442,0.054860210838675795,0.37092442232818434,0.07688876270264552,0.484181994673002,0.06859004192740391,0.3763754156633414,0.07443904138682035,0.3907070707070707,0.07597647667306166,0.4905293192923274,0.07372446887565066,0.5060215053763442,0.054860210838675795
Transcript_SFT,bilstm,100,128,0.3,0.0,0,0.001,0.49978494623655917,0.0348586163756196,0.32091851282814626,0.050003285481504366,0.43970424928101687,0.06795439415572492,0.29973658150128735,0.06763582413715681,0.35833333333333334,0.014672347384715853,0.4037687309527917,0.0951145984062964,0.49978494623655917,0.0348586163756196
Transcript_SFT,bilstm,100,128,0.3,0.0,0,0.0005,0.42645161290322575,0.13984051831665556,0.2880240049456696,0.07528802686647851,0.36114181404977785,0.1275772800448499,0.32539778739778735,0.04082376818272422,0.3743939393939394,0.027961445135031637,0.41395448494158166,0.07350661848770475,0.42645161290322575,0.13984051831665556
Transcript_SFT,bilstm,100,128,0.3,0.0,64,0.001,0.49978494623655917,0.05020204293693833,0.40750101391467614,0.053292258965788146,0.47982510609920787,0.05255318193335405,0.4211411736411736,0.06292438158228422,0.457020202020202,0.0850174409085987,0.5116042335800401,0.07290566486314971,0.49978494623655917,0.05020204293693833
Transcript_SFT,bilstm,100,128,0.3,0.0,64,0.0005,0.5522580645161289,0.08933044450472741,0.4045699606320314,0.10347700435981055,0.5030628581010054,0.12495095937277068,0.40725442834138487,0.13903986846253888,0.4376515151515151,0.0726899718457647,0.5002974131213962,0.1740409740118619,0.5522580645161289,0.08933044450472741
Transcript_SFT,bilstm,100,128,0.3,0.1,0,0.001,0.5320430107526881,0.06272569378191979,0.369654853890148,0.07434814300343053,0.48369177764244187,0.08764825466109608,0.36049834696893523,0.10744631552023949,0.42308080808080806,0.08443133386214531,0.47934668978501993,0.13991181384956694,0.5320430107526881,0.06272569378191979
Transcript_SFT,bilstm,100,128,0.3,0.1,0,0.0005,0.4658064516129031,0.10295529070161832,0.35336170706043857,0.0652700662746488,0.4370579236436599,0.0905646305297923,0.364421095473727,0.08439119209924241,0.40547979797979794,0.05862000485227484,0.46238918843842447,0.11130501638676528,0.4658064516129031,0.10295529070161832
Transcript_SFT,bilstm,100,128,0.3,0.1,64,0.001,0.4864516129032258,0.10605138186212595,0.33370109276059584,0.11728106306224792,0.4135064050880198,0.1304823517942985,0.41448019237874306,0.1697915195469355,0.41560606060606065,0.08673331153521292,0.5369794107680971,0.19320052366615942,0.4864516129032258,0.10605138186212595
Transcript_SFT,bilstm,100,128,0.3,0.1,64,0.0005,0.4731182795698924,0.1313571906191062,0.3810154140711485,0.13467046468600438,0.43608502033861,0.14318362467206347,0.4064052287581699,0.2008651670336053,0.44012626262626264,0.1136455215165081,0.4531870124393843,0.1546669099589101,0.4731182795698924,0.1313571906191062
Transcript_SFT,bilstm,100,128,0.3,0.2,0,0.001,0.5251612903225806,0.0901703786751871,0.37976016898995074,0.0756760722084263,0.483725169470749,0.08611628065555298,0.4198572828138046,0.07242941359516641,0.40340909090909094,0.06126452069318536,0.5165665365957092,0.08882444531842688,0.5251612903225806,0.0901703786751871
Transcript_SFT,bilstm,100,128,0.3,0.2,0,0.0005,0.552258064516129,0.09477163404709271,0.388599275967697,0.09151460410438214,0.5061951653326866,0.1080178912873565,0.41993009169479756,0.11765909423814196,0.4194191919191919,0.07499627579775074,0.536591824157289,0.14986527072251873,0.552258064516129,0.09477163404709271
Transcript_SFT,bilstm,100,128,0.3,0.2,64,0.001,0.5643010752688172,0.11443285376403235,0.4039546991070601,0.13694672674070574,0.5267514070324628,0.13664685122660766,0.4090849673202614,0.15835055376847776,0.4281818181818181,0.12177757418226465,0.5258811300864432,0.17063132854278645,0.5643010752688172,0.11443285376403235
Transcript_SFT,bilstm,100,128,0.3,0.2,64,0.0005,0.47440860215053765,0.11603221770829829,0.40942130702819857,0.10527848699113104,0.4299783634294478,0.11481688059850098,0.534508547008547,0.11586324519972248,0.47674242424242425,0.0565975739678209,0.5742916223561385,0.05694564034599034,0.47440860215053765,0.11603221770829829
Transcript_SFT,bilstm,200,16,0.3,0.0,0,0.001,0.5582795698924731,0.07873846350630397,0.4159642927157658,0.09730296672337244,0.5386781258438104,0.08855655158434707,0.4275763125763127,0.11094554771371021,0.4309848484848485,0.09166731362990661,0.5487465142384498,0.10779141934592751,0.5582795698924731,0.07873846350630397
Transcript_SFT,bilstm,200,16,0.3,0.0,0,0.0005,0.5670967741935484,0.08922943207348041,0.4564327081794664,0.03702685182150629,0.5513307259819402,0.08066470062723463,0.4669950202303143,0.05542111318990895,0.4802777777777778,0.020779376101712283,0.5625148681173349,0.04779492264245064,0.5670967741935484,0.08922943207348041
Transcript_SFT,bilstm,200,16,0.3,0.0,64,0.001,0.5395698924731183,0.03430360323714479,0.37756291550120447,0.05528195612681279,0.48280614531928834,0.05542221609340967,0.44960210321371835,0.03587380807033713,0.4237878787878787,0.03405203544948877,0.5575222443709067,0.03573143644712368,0.5395698924731183,0.03430360323714479
Transcript_SFT,bilstm,200,16,0.3,0.0,64,0.0005,0.5378494623655914,0.11793968761870274,0.3766413140654627,0.0793712979456941,0.4871542525390523,0.12450705894856723,0.3686644324401761,0.07656299502636402,0.4252272727272727,0.0881023077504558,0.48598828426480295,0.12178638434141746,0.5378494623655914,0.11793968761870274
Transcript_SFT,bilstm,200,16,0.3,0.1,0,0.001,0.5187096774193548,0.08531050249559201,0.37904671993156963,0.07565603197393107,0.49924294623745336,0.06857518539890352,0.3906959317485633,0.08343994853742868,0.385479797979798,0.0780222937277476,0.5010934717046772,0.0667117849089257,0.5187096774193548,0.08531050249559201
Transcript_SFT,bilstm,200,16,0.3,0.1,0,0.0005,0.47913978494623655,0.08787413612254265,0.4239409873073529,0.08501961840957663,0.46733953140073525,0.08823280125925187,0.5049402059928375,0.1446308702339533,0.4400252525252525,0.06438621462876194,0.5117973752337079,0.08822796147413639,0.47913978494623655,0.08787413612254265
Transcript_SFT,bilstm,200,16,0.3,0.1,64,0.001,0.5189247311827957,0.05980505579638826,0.3846715481514243,0.05327417140296076,0.49527429072364654,0.05390396789926629,0.4188936020979364,0.10160091653784578,0.40727272727272723,0.06012082688320151,0.5385827648443747,0.10729757114347369,0.5189247311827957,0.05980505579638826
Transcript_SFT,bilstm,200,16,0.3,0.1,64,0.0005,0.5520430107526881,0.04974951710858977,0.40705068562345376,0.06887754057911634,0.5165386464623148,0.06411682675293665,0.454356591121297,0.06437559240429352,0.43840909090909086,0.04736167493046632,0.5666367113805444,0.06388961895511955,0.5520430107526881,0.04974951710858977
Transcript_SFT,bilstm,200,16,0.3,0.2,0,0.001,0.5774193548387097,0.10184107056390154,0.4534964392096642,0.1254986816915411,0.5551385524704557,0.11434013390431656,0.4659762786233374,0.13607787204079488,0.48224747474747476,0.10805318017506145,0.5641049474455546,0.11401529778330036,0.5774193548387097,0.10184107056390154
Transcript_SFT,bilstm,200,16,0.3,0.2,0,0.0005,0.5649462365591398,0.08523728552302971,0.43235575551143574,0.07683306095962124,0.5536292842267596,0.07441878722600143,0.45400496189969874,0.06867176576900232,0.43398989898989904,0.07428121195253778,0.571031306271544,0.0605893381508459,0.5649462365591398,0.08523728552302971
Transcript_SFT,bilstm,200,16,0.3,0.2,64,0.001,0.49913978494623656,0.07594900042012892,0.36893015030946064,0.10302496351108915,0.47936763273804434,0.08979362021871784,0.37195467930762044,0.12212676982536136,0.38275252525252523,0.09172068976032165,0.4795248243217882,0.10946755616413971,0.49913978494623656,0.07594900042012892
Transcript_SFT,bilstm,200,16,0.3,0.2,64,0.0005,0.44602150537634405,0.1487690269458843,0.3430940178337108,0.11488518184991743,0.4242979653851129,0.15423367202222535,0.3558007197480882,0.09638484048198706,0.4219444444444444,0.08274391336194548,0.46114801271167993,0.11221611064569424,0.44602150537634405,0.1487690269458843
Transcript_SFT,bilstm,200,64,0.3,0.0,0,0.001,0.5193548387096774,0.06328210499119799,0.38328232345569807,0.07940326877074766,0.5014406479337002,0.05939439166879604,0.4084187109187109,0.09450111451882201,0.3908333333333333,0.07110904855250309,0.5236782921379695,0.07380076555248419,0.5193548387096774,0.06328210499119799
Transcript_SFT,bilstm,200,64,0.3,0.0,0,0.0005,0.4602150537634408,0.12850789511703653,0.3475888798749948,0.10872974717555701,0.4416801781668541,0.12187382981072822,0.3799313649313649,0.13242734705777678,0.3872474747474747,0.08408901323430856,0.48508189838835003,0.15016804937034423,0.4602150537634408,0.12850789511703653
Transcript_SFT,bilstm,200,64,0.3,0.0,64,0.001,0.4918279569892473,0.1606490477571073,0.3442245255288733,0.12400852591738384,0.44534604297843394,0.16237280638759866,0.3451151264194742,0.14315033305349043,0.4030555555555555,0.08564569566058289,0.4474319229157938,0.1743428771742803,0.4918279569892473,0.1606490477571073
Transcript_SFT,bilstm,200,64,0.3,0.0,64,0.0005,0.5260215053763441,0.055094910698510656,0.33854417843593493,0.08081815939433515,0.43395060236514504,0.09488291025801358,0.33795299145299146,0.15717725885306214,0.4091666666666667,0.0568976772725596,0.42905955334987594,0.17959781794710683,0.5260215053763441,0.055094910698510656
Transcript_SFT,bilstm,200,64,0.3,0.1,0,0.001,0.5451612903225806,0.06954919836474321,0.4143484669711879,0.06235233835642714,0.5204303563407598,0.07099959285693414,0.4659288119288119,0.11458801906174117,0.43108585858585863,0.07165282894005473,0.574968114322953,0.11642994512918489,0.5451612903225806,0.06954919836474321
Transcript_SFT,bilstm,200,64,0.3,0.1,0,0.0005,0.4860215053763441,0.08193237936149997,0.3347981567795809,0.04944042433529471,0.4435507781276282,0.05937843902744012,0.38994949494949493,0.11520006065139148,0.38623737373737377,0.04994889491116543,0.5058357771260997,0.11726567444058071,0.4860215053763441,0.08193237936149997
Transcript_SFT,bilstm,200,64,0.3,0.1,64,0.001,0.5522580645161289,0.03738844354191228,0.41484683932052346,0.03553653756585318,0.5079226215525028,0.05268968910554937,0.40838225145130513,0.07147770527080854,0.4736868686868686,0.042785752300722506,0.5080273904793333,0.09362397670821383,0.5522580645161289,0.03738844354191228
Transcript_SFT,bilstm,200,64,0.3,0.1,64,0.0005,0.5505376344086022,0.1354138750746171,0.39874610257602583,0.09668073001072038,0.5161697539803101,0.13564895237263777,0.3881169685820379,0.1135106068562121,0.43962121212121213,0.08338238531854351,0.5018944254039066,0.1442952604351208,0.5505376344086022,0.1354138750746171
Transcript_SFT,bilstm,200,64,0.3,0.2,0,0.001,0.49935483870967745,0.0933110324677945,0.37384906854917577,0.12266149173215397,0.4866441967245705,0.09186047461703316,0.41180381007544825,0.18191755719793914,0.37103535353535355,0.10496911911490159,0.49738483326966987,0.10296061664221176,0.49935483870967745,0.0933110324677945
Transcript_SFT,bilstm,200,64,0.3,0.2,0,0.0005,0.5449462365591398,0.09613023501208066,0.41901023551023553,0.10235919444851789,0.5224415056673121,0.10378297735145528,0.47472205898676484,0.1083543620131174,0.431010101010101,0.08760852584442101,0.5464411826840669,0.08415605034531382,0.5449462365591398,0.09613023501208066
Transcript_SFT,bilstm,200,64,0.3,0.2,64,0.001,0.4974193548387097,0.19198845689277014,0.35902567769089316,0.16591084306827594,0.44602873159312245,0.2115317319102982,0.39864798262364187,0.19993944616324394,0.4352020202020202,0.09248415980212324,0.4997905810737061,0.2156689323248409,0.4974193548387097,0.19198845689277014
Transcript_SFT,bilstm,200,64,0.3,0.2,64,0.0005,0.5122580645161291,0.06307567575363013,0.394691722978168,0.07510736321138166,0.5025804201573527,0.07292208459962055,0.3982047587775142,0.08180202507647594,0.40131313131313134,0.06722721182978737,0.5054705135848649,0.08556823326859224,0.5122580645161291,0.06307567575363013
Transcript_SFT,bilstm,200,128,0.3,0.0,0,0.001,0.5651612903225807,0.08278201255404097,0.4237478133130307,0.14721535882285558,0.5203870725427528,0.12343323719768501,0.43220855614973275,0.17288370030069367,0.4452272727272727,0.11524413694808108,0.5101296264351293,0.15113595103310026,0.5651612903225807,0.08278201255404097
Transcript_SFT,bilstm,200,128,0.3,0.0,0,0.0005,0.5324731182795699,0.03716387884254271,0.3556334016860333,0.037186204779154686,0.4637481056012464,0.053401017932142955,0.38108010205196907,0.07793201356026813,0.40434343434343434,0.03726759429220149,0.48452219727032037,0.10275573138330493,0.5324731182795699,0.03716387884254271
Transcript_SFT,bilstm,200,128,0.3,0.0,64,0.001,0.5393548387096774,0.021693798215773767,0.4170926244610456,0.07340629624839891,0.5023745666580981,0.0364045878515722,0.42045214045214047,0.07834913740660057,0.4797474747474747,0.11065461205509863,0.5164578969417679,0.057700082980059075,0.5393548387096774,0.021693798215773767
Transcript_SFT,bilstm,200,128,0.3,0.0,64,0.0005,0.5913978494623656,0.04555384941913664,0.4070178152734182,0.08393621581261494,0.5354511114033935,0.0758269112930853,0.440809850848214,0.09082168658354699,0.4373232323232322,0.057975013440711425,0.5584592193962296,0.06785003147985169,0.5913978494623656,0.04555384941913664
Transcript_SFT,bilstm,200,128,0.3,0.1,0,0.001,0.590967741935484,0.07644125271968409,0.4085517899745542,0.13855209929440862,0.5335405811854802,0.12332648575181102,0.46903235653235653,0.20678607591483944,0.43659090909090903,0.09415326745076855,0.5687098251211153,0.17603490638766367,0.590967741935484,0.07644125271968409
Transcript_SFT,bilstm,200,128,0.3,0.1,0,0.0005,0.5649462365591397,0.05860599770345158,0.48026204938282246,0.07650176076548738,0.5539199718394022,0.058887400753732284,0.5088915425819451,0.06843964766707619,0.5168181818181818,0.10482634397703994,0.6049410005088622,0.09154312253770075,0.5649462365591397,0.05860599770345158
Transcript_SFT,bilstm,200,128,0.3,0.1,64,0.001,0.4746236559139785,0.19048908335534112,0.3257016125437178,0.12017317920474015,0.4260680483970208,0.19878265513989493,0.32089807852965746,0.12623015981868557,0.3987373737373737,0.05662740136586231,0.42002274503462955,0.19409973167303698,0.4746236559139785,0.19048908335534112
Transcript_SFT,bilstm,200,128,0.3,0.1,64,0.0005,0.46752688172043017,0.05155642070711496,0.32761465522320316,0.08229159154658033,0.42066589883314,0.08692995589879511,0.36290363957030625,0.11450922253928064,0.3761868686868687,0.059070217822594966,0.4670148179180438,0.13607073928334162,0.46752688172043017,0.05155642070711496
Transcript_SFT,bilstm,200,128,0.3,0.2,0,0.001,0.5716129032258064,0.07008773386407172,0.41696236044062135,0.09240538525467146,0.53796366969455,0.0707091959952588,0.46571567865685515,0.10334545766901357,0.4348232323232324,0.07622525674834014,0.5855241482110553,0.08634430857368845,0.5716129032258064,0.07008773386407172
Transcript_SFT,bilstm,200,128,0.3,0.2,0,0.0005,0.5520430107526881,0.07765674476884425,0.3692784890069724,0.0804080315640437,0.5173281128819799,0.1015976624000344,0.3739499027542506,0.10067933405355527,0.3875757575757576,0.06231669374537748,0.5124912392812112,0.12643060624846747,0.5520430107526881,0.07765674476884425
Transcript_SFT,bilstm,200,128,0.3,0.2,64,0.001,0.5713978494623656,0.08925275278141936,0.3715215297118455,0.11498731943884306,0.501748103421228,0.12306805278841226,0.3866758241758242,0.14477047692842762,0.4221717171717172,0.09412346877775846,0.521878175587853,0.17072623483374197,0.5713978494623656,0.08925275278141936
Transcript_SFT,bilstm,200,128,0.3,0.2,64,0.0005,0.5511827956989247,0.09129431200675471,0.34627332705109637,0.115700915307691,0.4747836494361719,0.12276634219699566,0.37138692724899625,0.15987608959527105,0.3921212121212121,0.0939822387903161,0.48902989298428673,0.17921935778119463,0.5511827956989247,0.09129431200675471
